id_time,n_flows,n_packets,n_bytes,sum_n_dest_asn,average_n_dest_asn,std_n_dest_asn,sum_n_dest_ports,average_n_dest_ports,std_n_dest_ports,sum_n_dest_ip,average_n_dest_ip,std_n_dest_ip,tcp_udp_ratio_packets,tcp_udp_ratio_bytes,dir_ratio_packets,dir_ratio_bytes,avg_duration,avg_ttl
0,78,105,4325,69,4.31,2.06,75,4.69,2.75,74,4.62,2.55,0.98,0.97,0.42,0.41,0.01,212.42
1,97,131,6563,86,5.06,1.85,93,5.47,2.18,93,5.47,2.18,0.93,0.84,0.43,0.38,0.03,210.4
2,85,115,5400,74,4.11,1.64,82,4.56,1.85,82,4.56,1.85,0.94,0.9,0.38,0.36,0.06,196.12
3,82,110,4476,67,3.94,1.3,75,4.41,1.77,75,4.41,1.7,0.98,0.98,0.42,0.41,0.01,230.19
4,52,73,3109,50,3.12,1.63,51,3.19,1.64,51,3.19,1.64,0.96,0.94,0.53,0.52,1.06,191.26
5,68,101,4280,63,3.94,1.65,67,4.19,1.76,67,4.19,1.76,0.99,0.97,0.42,0.4,0.94,196.85
6,64,86,4031,53,3.79,1.58,60,4.29,1.73,60,4.29,1.73,0.92,0.86,0.43,0.38,0.02,214.27
7,44,59,2417,39,3.25,1.29,44,3.67,1.5,44,3.67,1.5,0.97,0.97,0.48,0.46,0.01,210.97
8,49,69,2841,46,3.07,1.22,49,3.27,1.33,49,3.27,1.33,0.98,0.98,0.51,0.5,0.02,211.22
9,56,85,3711,49,3.06,1.61,54,3.38,1.71,55,3.44,1.79,0.93,0.89,0.45,0.42,0.01,194.96
10,54,77,3732,46,3.07,1.39,52,3.47,1.6,52,3.47,1.6,0.97,0.91,0.47,0.42,0.01,212.05
11,42,60,2468,37,2.47,1.13,41,2.73,1.33,40,2.67,1.35,1.0,1.0,0.57,0.55,0.02,206.54
12,57,98,4117,50,3.57,1.4,55,3.93,1.69,55,3.93,1.69,0.98,0.96,0.53,0.51,1.17,204.7
13,45,66,3527,40,3.08,1.71,44,3.38,1.98,44,3.38,1.98,0.97,0.89,0.45,0.4,0.04,196.81
14,72,106,4683,61,3.59,1.46,68,4.0,2.12,68,4.0,2.12,0.99,0.96,0.49,0.48,0.02,227.46
15,39,53,2233,34,3.09,1.14,39,3.55,1.44,38,3.45,1.44,0.95,0.95,0.49,0.48,0.0,213.97
16,47,67,3202,42,2.8,1.01,44,2.93,0.96,44,2.93,0.96,0.94,0.9,0.4,0.38,0.03,198.09
17,51,68,2782,43,3.07,1.59,49,3.5,1.91,49,3.5,1.91,0.99,0.98,0.58,0.58,0.06,226.3
18,50,80,3312,41,3.15,1.77,47,3.62,2.02,47,3.62,2.02,0.95,0.94,0.48,0.47,0.67,188.73
19,47,64,2789,42,3.23,1.48,45,3.46,1.61,45,3.46,1.61,0.97,0.96,0.4,0.38,0.02,216.76
20,62,94,3822,56,3.5,1.46,61,3.81,1.56,61,3.81,1.56,0.95,0.95,0.42,0.41,1.77,207.67
21,71,91,3858,59,4.21,1.37,67,4.79,1.85,66,4.71,1.73,0.97,0.95,0.35,0.33,0.02,221.05
22,72,98,4060,59,3.47,1.37,67,3.94,1.71,66,3.88,1.73,0.95,0.95,0.43,0.41,0.02,204.37
23,87,113,4880,72,4.8,2.01,79,5.27,2.05,79,5.27,2.05,0.99,0.97,0.37,0.35,0.02,212.86
24,85,105,4508,70,4.67,1.18,81,5.4,1.55,81,5.4,1.55,0.92,0.89,0.36,0.34,0.0,213.75
25,77,97,4096,63,4.2,1.57,67,4.47,1.6,67,4.47,1.6,0.95,0.94,0.33,0.32,0.01,210.04
26,81,114,5297,70,4.12,1.5,76,4.47,1.91,76,4.47,1.84,0.93,0.88,0.39,0.35,0.02,215.13
27,56,73,3824,49,3.27,1.39,52,3.47,1.46,52,3.47,1.46,0.98,0.94,0.45,0.41,0.01,210.98
28,51,73,2968,44,3.14,1.03,50,3.57,1.22,50,3.57,1.22,0.99,0.99,0.56,0.55,0.06,203.68
29,42,66,2771,40,2.67,1.05,42,2.8,1.08,41,2.73,1.03,0.94,0.92,0.5,0.47,0.04,223.37
30,45,60,2472,38,3.17,1.95,43,3.58,2.19,41,3.42,1.98,0.98,0.98,0.55,0.54,0.03,219.48
31,45,57,2509,39,3.25,1.48,44,3.67,1.5,44,3.67,1.61,0.95,0.91,0.39,0.36,0.0,171.57
32,48,68,3312,44,2.75,1.65,48,3.0,2.28,46,2.88,2.03,0.96,0.93,0.58,0.56,0.09,220.03
33,47,74,3331,45,3.0,1.6,45,3.0,1.6,45,3.0,1.6,0.99,0.97,0.55,0.53,0.14,216.22
34,36,53,2191,34,2.12,1.09,35,2.19,1.11,35,2.19,1.11,0.99,0.98,0.51,0.5,0.06,206.74
35,64,103,4128,55,3.44,1.71,58,3.62,1.71,58,3.62,1.71,0.94,0.95,0.44,0.44,1.08,207.9
36,70,94,4387,61,3.59,1.58,67,3.94,1.92,67,3.94,1.92,0.98,0.93,0.47,0.43,0.01,201.19
37,53,81,3409,51,3.64,1.69,53,3.79,1.89,53,3.79,1.89,0.96,0.94,0.47,0.45,0.03,185.68
38,73,97,3980,60,3.33,1.81,70,3.89,2.45,70,3.89,2.45,0.98,0.98,0.51,0.5,0.02,226.28
39,57,71,3720,49,2.88,0.93,54,3.18,0.95,54,3.18,0.95,0.98,0.95,0.57,0.53,0.02,227.41
40,42,59,3679,38,2.71,1.38,41,2.93,1.69,40,2.86,1.61,0.92,0.87,0.48,0.43,0.06,191.47
41,122,162,7152,39,3.0,1.41,96,7.38,8.33,42,3.23,1.54,0.94,0.93,0.44,0.42,0.23,185.85
42,88,104,5406,36,2.77,1.36,71,5.46,6.25,40,3.08,1.61,0.93,0.86,0.45,0.43,0.02,206.9
43,51,72,3088,46,3.54,1.39,51,3.92,1.66,51,3.92,1.66,0.99,0.96,0.44,0.42,0.04,235.67
44,110,143,6679,50,3.33,1.29,96,6.4,6.0,54,3.6,1.55,0.96,0.92,0.38,0.35,0.06,188.65
45,56,82,3340,49,2.88,1.36,55,3.24,1.44,55,3.24,1.44,1.0,1.0,0.46,0.45,0.03,218.4
46,76,102,4304,64,4.0,1.26,74,4.62,1.67,72,4.5,1.46,0.9,0.88,0.39,0.37,0.02,215.15
47,65,89,3783,57,3.56,1.55,62,3.88,1.78,62,3.88,1.78,0.94,0.92,0.45,0.44,0.04,200.82
48,64,98,4162,57,4.07,1.0,63,4.5,0.94,63,4.5,0.94,0.98,0.97,0.43,0.42,0.17,215.92
49,79,114,4791,70,4.12,1.5,77,4.53,1.7,77,4.53,1.74,0.96,0.93,0.46,0.44,0.07,194.21
50,67,91,4413,59,4.21,1.72,64,4.57,1.87,64,4.57,1.87,0.96,0.9,0.43,0.4,0.01,207.71
51,56,82,3784,51,3.19,1.38,54,3.38,1.54,54,3.38,1.54,0.98,0.95,0.5,0.48,0.02,209.69
52,67,92,3882,55,3.24,1.48,65,3.82,1.88,65,3.82,1.88,0.98,0.97,0.53,0.51,0.05,203.61
53,41,57,2406,34,2.62,1.45,40,3.08,1.38,40,3.08,1.38,0.99,0.98,0.37,0.35,0.01,189.71
54,46,56,2707,41,2.93,1.27,45,3.21,1.25,45,3.21,1.25,0.96,0.93,0.5,0.47,0.0,216.04
55,48,73,3034,40,2.67,1.4,44,2.93,1.28,45,3.0,1.31,0.96,0.96,0.45,0.44,4.42,190.35
56,57,77,3472,49,3.5,1.45,52,3.71,1.38,53,3.79,1.48,0.93,0.88,0.4,0.36,0.01,214.97
57,51,71,3637,45,3.0,1.6,50,3.33,2.06,50,3.33,2.06,0.98,0.92,0.59,0.56,0.02,217.54
58,52,92,3770,46,3.07,1.44,49,3.27,1.49,49,3.27,1.49,0.98,0.97,0.56,0.55,1.18,219.57
59,57,73,4645,50,2.94,1.2,54,3.18,1.33,53,3.12,1.22,0.9,0.79,0.46,0.39,0.02,206.66
60,62,93,4223,57,4.38,2.57,61,4.69,2.72,61,4.69,2.72,0.94,0.9,0.44,0.41,0.02,218.78
61,84,120,5044,74,4.35,2.0,82,4.82,2.32,82,4.82,2.32,0.96,0.95,0.44,0.42,0.03,201.69
62,61,87,3877,54,3.6,1.12,60,4.0,1.36,60,4.0,1.36,0.96,0.92,0.43,0.4,0.03,187.55
63,54,74,3081,50,2.94,1.03,52,3.06,0.97,51,3.0,1.0,0.98,0.98,0.43,0.41,0.01,199.43
64,42,52,2162,36,2.77,1.42,39,3.0,1.47,40,3.08,1.5,0.99,0.99,0.56,0.54,0.07,220.5
65,80,114,4712,67,4.47,2.03,78,5.2,2.31,79,5.27,2.37,0.99,0.99,0.43,0.43,0.02,195.32
66,68,91,3802,63,3.5,1.42,66,3.67,1.68,66,3.67,1.68,0.94,0.92,0.45,0.43,0.31,200.12
67,99,138,7253,79,5.27,1.67,88,5.87,1.92,88,5.87,1.92,0.98,0.95,0.34,0.31,0.09,201.7
68,102,149,6196,77,4.53,1.5,91,5.35,2.09,90,5.29,2.11,0.98,0.97,0.37,0.36,1.48,201.91
69,72,103,4329,58,4.83,1.7,65,5.42,1.98,65,5.42,1.98,0.99,0.99,0.31,0.3,2.99,212.7
70,111,140,6435,93,5.81,1.83,102,6.38,2.16,102,6.38,2.16,0.93,0.88,0.39,0.35,1.7,214.47
71,91,128,5793,83,5.19,2.01,90,5.62,1.93,90,5.62,1.93,0.94,0.89,0.36,0.33,0.22,191.44
72,71,98,5923,65,4.06,1.77,70,4.38,2.19,70,4.38,2.19,0.96,0.86,0.5,0.44,0.1,192.89
73,70,115,4933,62,3.88,1.45,68,4.25,1.77,68,4.25,1.77,0.91,0.89,0.47,0.46,2.94,202.86
74,56,94,3821,48,3.69,1.38,52,4.0,1.78,52,4.0,1.78,0.98,0.97,0.44,0.43,3.5,208.76
75,59,101,4463,52,3.25,1.61,58,3.62,2.03,58,3.62,2.03,0.96,0.92,0.49,0.46,1.45,206.22
76,56,73,2973,46,3.07,1.67,54,3.6,2.13,55,3.67,2.13,0.97,0.96,0.58,0.56,0.45,206.77
77,47,78,3184,44,2.59,1.37,46,2.71,1.49,46,2.71,1.49,0.98,0.98,0.53,0.52,3.32,188.22
78,45,65,3990,43,3.07,1.69,44,3.14,1.79,44,3.14,1.79,0.98,0.93,0.58,0.53,0.02,207.3
79,55,77,3414,49,3.5,1.34,55,3.93,1.44,55,3.93,1.44,0.98,0.95,0.45,0.43,0.03,202.99
80,66,98,4149,58,3.87,2.17,64,4.27,2.69,64,4.27,2.69,0.95,0.93,0.43,0.42,0.02,197.56
81,48,73,3575,42,3.0,1.62,47,3.36,1.74,46,3.29,1.73,0.98,0.91,0.47,0.45,0.04,222.16
82,46,65,2750,40,2.67,0.9,46,3.07,1.33,46,3.07,1.33,0.99,0.98,0.43,0.4,0.03,201.65
83,66,112,4692,62,3.65,1.46,64,3.76,1.56,65,3.82,1.63,0.97,0.96,0.52,0.52,1.26,224.35
84,55,81,3284,49,3.27,1.67,54,3.6,1.76,54,3.6,1.76,1.0,1.0,0.49,0.48,0.01,211.07
85,66,96,3996,54,3.38,1.82,61,3.81,1.91,61,3.81,1.91,0.99,0.97,0.43,0.42,0.08,210.52
86,70,102,4255,60,4.0,1.77,67,4.47,1.92,66,4.4,1.96,0.96,0.95,0.39,0.38,0.02,195.39
87,74,106,4426,63,3.94,1.29,69,4.31,1.45,68,4.25,1.44,0.96,0.95,0.38,0.37,0.08,192.21
88,71,99,5277,63,3.94,1.73,69,4.31,1.89,69,4.31,1.89,0.98,0.92,0.59,0.55,1.25,203.46
89,56,98,4015,51,3.19,1.33,53,3.31,1.3,53,3.31,1.3,0.99,0.99,0.42,0.41,1.44,204.08
90,55,75,3348,44,3.67,1.44,50,4.17,1.64,51,4.25,1.6,0.94,0.9,0.34,0.32,0.02,213.44
91,78,102,4795,65,4.06,1.57,70,4.38,1.59,71,4.44,1.75,0.94,0.87,0.4,0.36,0.05,212.92
92,75,92,4008,55,3.93,1.14,65,4.64,1.65,67,4.79,1.85,0.97,0.96,0.41,0.41,0.08,221.88
93,69,87,3909,51,3.4,1.24,62,4.13,1.73,63,4.2,1.78,0.94,0.91,0.38,0.37,0.33,201.33
94,69,102,4606,56,4.67,1.72,63,5.25,2.14,63,5.25,2.14,0.98,0.95,0.45,0.42,1.38,219.09
95,71,93,4234,62,4.13,1.3,66,4.4,1.24,66,4.4,1.24,0.95,0.9,0.31,0.28,0.0,211.76
96,129,171,7183,97,5.39,1.54,112,6.22,1.8,112,6.22,1.8,0.96,0.95,0.33,0.32,0.02,216.66
97,79,100,4400,68,4.53,2.1,73,4.87,2.03,73,4.87,2.03,0.96,0.93,0.44,0.41,0.02,216.42
98,84,108,5258,72,4.0,1.61,75,4.17,1.58,75,4.17,1.58,0.93,0.86,0.41,0.38,0.24,218.41
99,86,103,4613,69,4.31,1.74,78,4.88,2.25,78,4.88,2.25,0.96,0.91,0.42,0.39,0.0,217.01
100,119,177,7282,66,4.12,1.78,75,4.69,2.12,76,4.75,2.21,0.99,0.98,0.5,0.49,0.14,225.8
101,61,82,3649,51,3.19,1.28,55,3.44,1.21,55,3.44,1.21,0.96,0.92,0.39,0.37,0.02,192.6
102,64,79,3327,57,3.56,1.67,58,3.62,1.71,59,3.69,1.78,0.99,0.98,0.5,0.5,0.02,222.94
103,77,100,4233,61,3.81,1.11,70,4.38,1.45,71,4.44,1.41,1.0,1.0,0.41,0.39,0.03,206.92
104,68,91,3791,55,3.67,1.45,64,4.27,1.58,64,4.27,1.58,0.96,0.96,0.37,0.35,0.04,208.25
105,46,56,2465,37,3.36,1.63,42,3.82,1.66,42,3.82,1.66,0.91,0.87,0.41,0.37,0.35,209.4
106,66,89,4141,51,3.64,1.74,61,4.36,2.27,60,4.29,2.13,0.98,0.94,0.4,0.37,0.31,194.97
107,87,113,4834,70,4.67,2.47,78,5.2,2.88,80,5.33,3.15,0.96,0.95,0.45,0.43,0.02,210.1
108,118,169,6502,104,7.43,3.99,77,5.5,2.14,116,8.29,4.73,0.69,0.71,0.33,0.33,0.38,175.97
109,71,91,5037,56,4.0,1.18,66,4.71,1.27,65,4.64,1.34,0.89,0.78,0.24,0.18,0.03,223.9
110,89,114,4976,74,4.62,1.86,81,5.06,1.95,81,5.06,1.95,0.97,0.95,0.32,0.3,0.02,196.36
111,104,137,6024,81,5.06,1.81,91,5.69,2.15,91,5.69,2.15,0.99,0.96,0.3,0.29,0.02,224.84
112,69,93,4142,63,4.2,2.18,67,4.47,2.26,67,4.47,2.26,0.98,0.94,0.36,0.33,0.01,188.09
113,58,82,3464,54,4.15,1.28,55,4.23,1.42,55,4.23,1.42,0.98,0.98,0.43,0.41,0.56,205.03
114,93,113,4830,72,4.8,1.97,82,5.47,2.45,81,5.4,2.35,0.95,0.93,0.36,0.34,0.01,221.46
115,106,126,5774,80,5.0,2.22,94,5.88,2.78,92,5.75,2.77,0.96,0.93,0.36,0.34,0.02,217.6
116,191,233,9568,71,4.44,1.5,80,5.0,2.19,79,4.94,2.17,0.97,0.96,0.28,0.27,0.0,216.95
117,57,72,2988,48,3.69,1.55,52,4.0,1.83,52,4.0,1.83,0.99,0.99,0.38,0.37,0.04,205.65
118,151,179,7349,71,4.44,1.09,76,4.75,1.29,76,4.75,1.29,0.98,0.97,0.21,0.2,0.02,222.97
119,84,106,5068,74,4.62,1.89,79,4.94,2.11,79,4.94,2.11,0.94,0.88,0.36,0.34,0.42,213.65
120,109,137,6602,81,5.4,1.4,94,6.27,1.94,94,6.27,1.94,0.97,0.92,0.3,0.28,0.04,210.77
121,108,131,5620,84,5.25,1.57,93,5.81,1.72,93,5.81,1.72,0.96,0.94,0.3,0.29,0.4,217.95
122,82,101,4848,69,3.83,1.72,74,4.11,2.0,79,4.39,2.35,0.93,0.9,0.45,0.43,0.25,219.69
123,159,177,7544,74,4.93,1.49,84,5.6,1.88,84,5.6,1.88,0.95,0.93,0.27,0.26,0.01,221.43
124,69,83,3530,54,3.86,1.83,64,4.57,2.31,65,4.64,2.24,0.97,0.96,0.38,0.37,0.03,209.18
125,82,116,5401,65,4.33,1.23,69,4.6,1.18,74,4.93,1.62,0.92,0.91,0.35,0.33,0.42,208.54
126,78,99,4320,66,3.88,1.8,72,4.24,1.89,72,4.24,1.89,0.99,0.97,0.37,0.34,0.04,205.39
127,76,96,3999,55,3.93,1.69,67,4.79,2.19,66,4.71,2.05,0.98,0.97,0.45,0.43,0.0,211.03
128,77,93,4027,56,3.73,1.94,67,4.47,2.2,67,4.47,2.2,0.93,0.91,0.36,0.35,0.02,221.99
129,63,85,3573,51,3.19,0.98,60,3.75,1.84,57,3.56,1.36,0.98,0.98,0.44,0.42,0.04,216.67
130,63,78,3753,51,4.25,1.66,57,4.75,1.96,57,4.75,1.96,0.95,0.9,0.4,0.36,0.01,210.25
131,61,77,3739,45,3.46,1.33,52,4.0,1.53,51,3.92,1.61,0.97,0.93,0.38,0.35,0.02,196.53
132,55,74,3061,50,3.33,1.88,53,3.53,2.03,53,3.53,2.03,0.99,0.98,0.46,0.45,0.01,209.97
133,69,85,3547,58,4.46,1.2,64,4.92,1.26,61,4.69,1.25,0.97,0.96,0.47,0.46,0.02,225.3
134,51,72,3031,46,3.29,1.14,47,3.36,1.22,47,3.36,1.22,0.99,0.98,0.39,0.37,0.01,198.35
135,57,77,3248,47,3.62,1.33,54,4.15,1.95,53,4.08,1.89,0.98,0.98,0.48,0.47,0.09,209.87
136,74,103,4257,59,3.93,1.33,71,4.73,2.96,71,4.73,2.96,0.95,0.95,0.45,0.44,0.02,221.6
137,67,98,4034,60,3.53,1.46,66,3.88,1.69,66,3.88,1.69,0.99,0.98,0.42,0.41,0.02,199.59
138,84,116,5827,65,4.06,1.73,73,4.56,1.82,80,5.0,2.63,0.89,0.86,0.5,0.48,1.03,202.74
139,78,108,5333,66,4.12,1.75,72,4.5,1.93,75,4.69,1.99,0.9,0.85,0.56,0.54,0.77,208.53
140,74,102,4446,65,3.61,1.79,70,3.89,1.91,70,3.89,1.91,0.99,0.97,0.44,0.41,0.02,192.41
141,94,129,6315,74,4.62,1.93,86,5.38,2.31,86,5.38,2.31,0.96,0.9,0.45,0.41,0.02,210.95
142,83,108,5273,72,4.8,2.54,78,5.2,2.76,81,5.4,3.11,0.95,0.91,0.44,0.42,0.2,199.3
143,96,129,6349,79,4.65,2.26,89,5.24,2.25,88,5.18,2.27,0.92,0.88,0.44,0.41,0.02,202.14
144,76,99,4514,65,3.61,1.94,71,3.94,2.21,73,4.06,2.26,0.97,0.94,0.49,0.47,0.03,190.59
145,91,119,6308,76,4.47,1.91,84,4.94,2.08,84,4.94,2.08,0.94,0.89,0.41,0.37,0.01,198.57
146,80,107,5407,68,3.78,1.83,74,4.11,2.37,75,4.17,2.31,0.96,0.93,0.48,0.44,0.02,207.81
147,75,103,4321,71,4.18,1.59,73,4.29,1.49,73,4.29,1.49,0.94,0.92,0.42,0.4,0.01,215.65
148,100,135,5645,84,4.94,2.28,94,5.53,2.55,90,5.29,2.49,0.93,0.92,0.47,0.45,0.01,198.31
149,83,119,5827,74,4.35,1.37,81,4.76,1.79,80,4.71,1.79,0.94,0.88,0.44,0.4,0.01,183.61
150,75,150,6311,67,3.94,1.52,72,4.24,1.64,72,4.24,1.64,0.98,0.96,0.43,0.42,1.27,210.83
151,81,109,4599,72,4.24,1.79,78,4.59,2.15,78,4.59,2.15,0.98,0.97,0.43,0.42,0.05,207.08
152,70,106,4877,64,3.56,1.15,67,3.72,1.32,67,3.72,1.32,0.93,0.88,0.45,0.42,0.06,206.01
153,92,122,5117,83,4.61,2.68,90,5.0,2.79,89,4.94,2.84,0.96,0.94,0.52,0.5,0.32,208.18
154,72,113,5054,61,4.07,1.79,69,4.6,2.06,69,4.6,2.06,0.98,0.94,0.43,0.41,0.08,209.99
155,76,98,4525,69,4.06,1.64,74,4.35,1.69,74,4.35,1.69,0.95,0.89,0.49,0.44,0.03,209.28
156,60,93,4070,57,4.07,1.64,59,4.21,1.72,59,4.21,1.72,0.98,0.95,0.47,0.47,0.05,196.73
157,85,119,5509,73,4.29,1.69,78,4.59,1.66,79,4.65,1.8,0.95,0.9,0.37,0.34,0.01,200.73
158,70,93,4234,54,3.18,1.33,67,3.94,1.98,66,3.88,1.9,0.97,0.94,0.4,0.38,0.02,211.34
159,65,92,3800,59,3.69,1.14,62,3.88,1.02,63,3.94,1.0,0.99,0.99,0.5,0.49,0.05,211.31
160,56,83,4863,51,3.19,1.11,56,3.5,1.37,56,3.5,1.37,0.91,0.83,0.55,0.51,0.04,214.58
161,61,82,3408,54,3.6,2.13,59,3.93,2.19,59,3.93,2.19,0.98,0.97,0.48,0.47,0.01,208.17
162,84,120,4958,68,4.0,1.5,78,4.59,1.66,77,4.53,1.5,0.96,0.95,0.41,0.41,0.6,217.38
163,71,101,4300,60,3.75,1.53,69,4.31,2.09,69,4.31,2.09,0.99,0.97,0.41,0.4,0.01,212.44
164,75,102,4246,60,4.0,1.31,72,4.8,2.04,71,4.73,1.94,0.98,0.99,0.44,0.43,0.02,204.69
165,93,130,5669,79,4.39,1.72,88,4.89,2.08,90,5.0,2.2,0.95,0.91,0.4,0.39,1.17,188.7
166,99,148,6223,86,5.06,1.68,97,5.71,1.9,98,5.76,1.86,0.95,0.95,0.41,0.4,0.03,197.56
167,70,96,4103,62,3.65,1.77,65,3.82,1.88,66,3.88,1.93,0.96,0.93,0.47,0.45,0.03,212.39
168,73,106,4375,65,4.33,1.4,70,4.67,1.5,71,4.73,1.53,0.95,0.94,0.46,0.46,0.03,214.19
169,69,98,4134,60,3.53,0.87,68,4.0,1.17,68,4.0,1.17,0.96,0.94,0.43,0.42,0.02,210.9
170,56,76,3136,50,3.12,1.09,54,3.38,1.41,54,3.38,1.41,0.98,0.98,0.51,0.5,0.04,198.02
171,59,89,3712,50,3.57,1.02,56,4.0,1.11,56,4.0,1.11,0.95,0.93,0.39,0.37,0.06,171.73
172,47,62,2607,44,3.38,0.87,47,3.62,1.12,46,3.54,1.05,0.98,0.98,0.45,0.43,0.03,200.39
173,47,80,3276,44,3.14,1.7,46,3.29,1.77,46,3.29,1.77,1.0,1.0,0.51,0.5,0.09,206.57
174,49,65,2661,43,2.87,1.13,46,3.07,1.22,45,3.0,1.2,0.99,0.99,0.59,0.59,0.02,223.15
175,45,74,3093,38,2.92,1.26,43,3.31,1.32,40,3.08,1.19,0.99,0.98,0.48,0.47,0.19,204.58
176,39,61,2504,36,2.77,1.48,38,2.92,1.8,38,2.92,1.8,1.0,1.0,0.61,0.6,0.06,229.2
177,40,49,2052,36,2.77,1.24,39,3.0,1.41,39,3.0,1.41,0.97,0.95,0.59,0.58,0.0,219.8
178,61,87,3594,54,3.6,1.5,56,3.73,1.53,56,3.73,1.53,0.99,0.97,0.37,0.35,0.03,226.39
179,48,70,2955,42,3.23,1.24,44,3.38,1.33,44,3.38,1.33,0.95,0.93,0.5,0.47,0.01,196.24
180,45,58,2467,44,3.14,1.83,45,3.21,1.85,45,3.21,1.85,0.93,0.91,0.48,0.45,0.01,185.78
181,41,91,3888,41,2.73,0.88,41,2.73,0.88,41,2.73,0.88,0.96,0.97,0.45,0.42,2.3,196.93
182,70,93,3916,63,3.71,1.45,66,3.88,1.58,66,3.88,1.58,0.95,0.93,0.57,0.54,0.03,200.47
183,49,63,3879,43,3.31,1.44,46,3.54,1.71,46,3.54,1.71,0.93,0.89,0.43,0.4,0.01,203.68
184,39,60,2456,36,3.0,1.21,37,3.08,1.16,37,3.08,1.16,1.0,1.0,0.46,0.45,0.05,200.24
185,59,87,3595,53,3.12,1.5,57,3.35,1.46,57,3.35,1.46,0.98,0.97,0.4,0.39,0.03,208.96
186,67,96,4664,57,3.35,1.22,65,3.82,1.78,63,3.71,1.49,0.93,0.9,0.43,0.39,0.03,203.83
187,59,81,3579,53,3.12,1.17,57,3.35,1.22,57,3.35,1.22,0.97,0.94,0.48,0.45,0.03,223.44
188,52,72,3147,48,3.2,1.47,49,3.27,1.58,49,3.27,1.58,0.97,0.95,0.52,0.5,0.02,211.85
189,69,94,4279,59,4.21,1.72,63,4.5,1.83,62,4.43,1.79,0.97,0.94,0.41,0.4,0.02,204.73
190,80,121,5079,68,4.25,1.18,75,4.69,1.35,74,4.62,1.36,0.99,0.98,0.45,0.43,0.91,205.7
191,81,104,4474,74,4.93,1.91,79,5.27,2.09,79,5.27,2.09,0.97,0.95,0.41,0.38,0.01,205.67
192,78,103,4381,71,4.44,1.82,77,4.81,2.34,77,4.81,2.34,0.97,0.95,0.5,0.49,0.49,214.94
193,73,85,3762,62,3.65,1.37,70,4.12,1.62,71,4.18,1.59,0.91,0.88,0.47,0.44,0.01,204.34
194,56,76,3277,49,3.5,1.4,54,3.86,1.66,55,3.93,1.59,0.92,0.9,0.44,0.43,0.01,192.07
195,53,67,2751,45,3.21,1.48,51,3.64,1.78,51,3.64,1.78,0.95,0.95,0.5,0.49,0.03,239.26
196,51,75,3137,42,3.0,1.36,46,3.29,1.59,46,3.29,1.59,0.98,0.97,0.54,0.52,0.68,200.03
197,37,50,2104,34,2.83,1.34,35,2.92,1.38,35,2.92,1.38,0.9,0.89,0.5,0.49,0.02,205.72
198,59,81,3644,52,2.89,1.45,55,3.06,1.63,57,3.17,1.76,0.95,0.95,0.66,0.66,0.45,227.98
199,41,64,2938,37,3.08,1.24,40,3.33,1.56,40,3.33,1.56,0.91,0.86,0.49,0.46,3.46,192.41
200,62,81,3489,55,3.24,1.68,61,3.59,2.0,61,3.59,2.0,0.95,0.94,0.52,0.51,0.01,201.81
201,49,70,2904,45,3.21,1.31,48,3.43,1.28,48,3.43,1.28,1.0,1.0,0.46,0.45,0.04,218.6
202,62,82,3472,56,3.5,2.13,59,3.69,2.24,59,3.69,2.24,0.93,0.91,0.51,0.5,0.05,221.59
203,75,100,4684,62,3.65,1.66,73,4.29,2.05,73,4.29,2.05,0.97,0.93,0.41,0.39,0.03,203.69
204,57,83,3428,48,2.82,1.42,54,3.18,1.63,53,3.12,1.58,0.98,0.97,0.49,0.49,1.18,204.6
205,89,101,4085,41,3.15,1.41,53,4.08,1.8,53,4.08,1.8,0.99,0.99,0.28,0.27,0.0,223.44
206,124,145,6115,75,4.41,1.73,90,5.29,1.65,90,5.29,1.65,0.95,0.92,0.3,0.29,0.01,224.96
207,105,126,5138,44,3.38,0.87,54,4.15,1.07,54,4.15,1.07,0.97,0.96,0.31,0.31,0.02,235.13
208,127,160,7532,69,4.31,1.7,89,5.56,2.28,90,5.62,2.31,0.94,0.87,0.27,0.26,0.35,228.22
209,107,133,5400,61,4.36,1.69,77,5.5,1.95,77,5.5,1.95,1.0,1.0,0.26,0.26,1.61,232.32
210,128,152,6308,74,4.93,1.53,95,6.33,1.72,95,6.33,1.72,0.97,0.95,0.31,0.31,0.03,242.02
211,148,177,7547,79,4.39,1.14,108,6.0,1.68,109,6.06,1.76,0.95,0.93,0.32,0.32,0.26,238.88
212,141,164,6717,67,4.19,1.52,101,6.31,2.24,99,6.19,2.29,0.98,0.97,0.31,0.31,0.01,236.13
213,162,195,7844,73,4.06,1.16,106,5.89,1.41,106,5.89,1.41,1.0,1.0,0.25,0.25,0.5,247.26
214,149,182,7413,76,4.75,1.73,108,6.75,2.11,108,6.75,2.11,0.98,0.98,0.28,0.28,0.01,236.91
215,124,148,6615,54,3.86,1.23,77,5.5,1.4,77,5.5,1.4,0.96,0.92,0.28,0.26,0.03,236.3
216,129,155,6308,73,4.29,1.05,95,5.59,1.73,97,5.71,1.61,1.0,1.0,0.26,0.26,0.01,231.79
217,131,153,6796,77,5.13,1.92,97,6.47,1.88,97,6.47,1.88,0.96,0.92,0.25,0.24,0.01,229.05
218,133,145,6604,69,4.06,1.75,95,5.59,1.91,95,5.59,1.91,0.97,0.93,0.26,0.25,0.01,234.84
219,123,147,6071,69,4.06,0.9,90,5.29,1.36,90,5.29,1.36,0.98,0.96,0.3,0.3,0.0,234.91
220,107,137,6208,67,4.19,1.72,86,5.38,2.22,86,5.38,2.22,0.93,0.87,0.28,0.27,0.11,230.41
221,101,119,5100,58,3.41,1.46,77,4.53,1.91,77,4.53,1.91,0.97,0.94,0.31,0.31,0.01,239.54
222,143,171,7220,64,4.0,1.63,85,5.31,1.99,85,5.31,1.99,0.96,0.93,0.4,0.38,0.01,237.87
223,80,89,3670,53,3.53,1.36,63,4.2,1.52,63,4.2,1.52,0.99,0.99,0.32,0.31,0.0,236.36
224,58,69,2856,39,3.0,1.41,44,3.38,1.56,44,3.38,1.56,0.97,0.96,0.39,0.37,0.0,238.74
225,84,93,4058,51,3.64,1.08,62,4.43,0.94,62,4.43,0.94,0.98,0.95,0.34,0.33,0.01,243.61
226,90,98,4116,52,3.06,1.14,68,4.0,1.17,67,3.94,1.25,0.95,0.92,0.35,0.35,0.0,231.73
227,104,120,5297,64,3.76,1.6,84,4.94,2.14,84,4.94,2.05,0.96,0.93,0.32,0.31,0.0,236.95
228,145,163,6587,94,5.53,2.03,96,5.65,1.5,116,6.82,2.16,0.8,0.79,0.31,0.3,0.02,211.02
229,86,103,5088,49,3.77,1.01,63,4.85,1.46,63,4.85,1.46,0.97,0.89,0.27,0.24,1.14,225.4
230,112,130,5478,62,3.44,1.38,84,4.67,1.94,84,4.67,1.94,0.95,0.93,0.34,0.34,1.28,233.2
231,104,121,4957,58,3.87,1.3,77,5.13,1.64,77,5.13,1.64,0.99,0.98,0.31,0.3,0.01,237.45
232,100,125,5100,57,3.56,1.21,71,4.44,1.59,71,4.44,1.59,1.0,1.0,0.35,0.34,0.05,242.59
233,95,116,5547,59,3.93,1.67,72,4.8,2.08,72,4.8,2.08,0.96,0.89,0.33,0.3,0.04,235.08
234,111,129,5216,64,4.0,1.9,77,4.81,2.37,78,4.88,2.42,1.0,1.0,0.3,0.29,0.24,235.42
235,107,128,5604,64,4.0,1.59,82,5.12,1.82,82,5.12,1.82,1.0,0.97,0.34,0.34,0.01,236.3
236,118,146,5871,65,4.33,2.06,92,6.13,3.0,91,6.07,2.87,0.99,0.99,0.38,0.38,0.97,240.67
237,132,156,6393,68,3.78,1.17,91,5.06,1.47,91,5.06,1.47,0.99,0.98,0.33,0.32,0.01,237.25
238,149,182,7747,81,4.76,1.79,108,6.35,1.9,108,6.35,1.9,0.98,0.96,0.26,0.26,0.01,241.36
239,118,130,5551,61,3.81,1.38,74,4.62,1.45,74,4.62,1.45,0.96,0.94,0.28,0.27,0.06,236.17
240,124,147,6019,69,4.31,1.66,87,5.44,2.19,87,5.44,2.19,0.97,0.96,0.28,0.27,0.01,236.54
241,116,155,7337,60,4.0,1.31,82,5.47,1.77,81,5.4,1.68,0.99,0.95,0.3,0.29,1.24,242.78
242,94,115,4665,52,3.71,1.2,66,4.71,1.27,66,4.71,1.27,0.99,0.99,0.3,0.3,0.01,240.79
243,108,118,4844,52,3.47,1.3,72,4.8,1.42,70,4.67,1.5,0.99,0.98,0.28,0.28,0.0,233.08
244,70,75,3016,39,3.0,1.0,51,3.92,1.12,51,3.92,1.12,1.0,1.0,0.39,0.38,0.0,240.2
245,91,110,5241,50,3.85,1.34,68,5.23,1.54,67,5.15,1.46,0.89,0.83,0.33,0.33,0.74,229.68
246,90,100,4098,56,3.5,1.1,72,4.5,1.32,72,4.5,1.32,0.96,0.95,0.41,0.41,0.01,244.31
247,136,151,6463,57,3.8,1.26,103,6.87,5.01,69,4.6,1.4,0.95,0.94,0.27,0.27,0.0,221.82
248,129,146,6394,63,4.5,1.4,96,6.86,4.61,71,5.07,1.9,0.98,0.96,0.4,0.39,0.05,224.93
249,69,80,3425,50,3.57,1.09,55,3.93,1.0,55,3.93,1.0,0.96,0.93,0.4,0.38,0.0,236.07
250,152,182,7514,62,4.13,1.13,114,7.6,6.0,79,5.27,1.71,0.97,0.97,0.34,0.33,0.04,231.74
251,115,138,6184,57,3.56,1.09,80,5.0,1.86,88,5.5,1.79,0.9,0.88,0.3,0.3,0.49,229.73
252,111,130,5626,64,3.76,1.2,81,4.76,1.48,80,4.71,1.21,0.96,0.93,0.29,0.29,0.05,230.85
253,120,141,5897,57,4.07,1.54,86,6.14,4.87,71,5.07,1.77,0.99,0.99,0.3,0.3,0.02,235.02
254,124,158,7194,74,4.11,1.02,90,5.0,1.14,94,5.22,1.31,0.92,0.89,0.35,0.34,0.4,234.14
255,172,215,9452,59,3.93,1.62,126,8.4,7.86,69,4.6,1.55,0.96,0.94,0.3,0.29,0.36,215.85
256,115,141,5951,61,3.81,1.38,89,5.56,3.85,71,4.44,1.59,0.96,0.95,0.28,0.27,0.04,230.23
257,84,95,3976,50,3.12,1.75,58,3.62,2.03,58,3.62,2.03,0.99,0.98,0.4,0.4,0.19,237.2
258,157,189,8826,59,4.21,1.67,116,8.29,6.93,71,5.07,1.9,0.96,0.92,0.31,0.29,0.0,223.61
259,165,218,9100,74,4.11,1.13,110,6.11,4.27,81,4.5,1.34,0.98,0.97,0.33,0.32,0.02,221.73
260,90,105,4341,59,3.93,1.33,69,4.6,1.76,69,4.6,1.76,0.98,0.97,0.35,0.35,0.13,240.04
261,173,214,9040,80,4.71,1.49,131,7.71,5.73,97,5.71,1.9,0.98,0.97,0.28,0.27,0.02,223.85
262,118,156,6417,76,4.47,1.33,88,5.18,1.42,88,5.18,1.42,0.98,0.96,0.31,0.3,0.01,245.55
263,138,170,7072,69,4.31,1.14,103,6.44,4.87,76,4.75,1.48,0.98,0.98,0.28,0.28,0.02,228.51
264,189,240,10558,79,4.94,1.69,131,8.19,6.61,87,5.44,1.67,0.94,0.91,0.35,0.33,0.43,212.26
265,140,181,7961,86,5.38,1.59,97,6.06,1.57,100,6.25,1.61,0.94,0.92,0.34,0.33,0.36,228.99
266,177,227,10150,68,4.53,1.41,120,8.0,7.16,84,5.6,2.2,0.9,0.88,0.32,0.32,0.72,216.42
267,130,139,6356,58,3.87,1.81,97,6.47,5.41,70,4.67,2.32,0.98,0.98,0.31,0.29,0.0,222.97
268,92,113,5168,58,3.62,1.02,63,3.94,1.39,63,3.94,1.39,0.97,0.94,0.29,0.28,0.01,238.6
269,118,158,7556,44,3.38,1.33,83,6.38,5.2,52,4.0,1.63,0.98,0.93,0.24,0.22,0.02,222.26
270,99,128,6346,70,3.89,1.49,80,4.44,1.89,87,4.83,2.71,0.9,0.85,0.45,0.44,0.35,220.54
271,154,182,8272,78,4.59,1.62,121,7.12,6.73,83,4.88,1.62,0.93,0.89,0.36,0.35,0.01,227.75
272,131,186,8042,58,3.87,1.64,112,7.47,6.01,69,4.6,2.1,0.97,0.95,0.47,0.45,0.04,212.94
273,74,113,4553,61,3.59,1.42,67,3.94,1.56,67,3.94,1.56,0.98,0.99,0.38,0.38,1.1,224.02
274,128,151,7664,62,4.77,1.88,107,8.23,7.95,70,5.38,2.06,0.95,0.88,0.42,0.4,0.01,221.96
275,119,154,6500,66,4.71,1.27,94,6.71,3.43,75,5.36,1.6,0.98,0.97,0.25,0.24,0.01,214.9
276,121,161,6559,76,5.07,1.49,86,5.73,2.05,85,5.67,2.02,0.99,0.99,0.3,0.29,0.76,234.94
277,165,198,8217,73,4.56,1.5,124,7.75,5.31,87,5.44,1.46,0.98,0.98,0.28,0.27,0.02,229.3
278,112,140,5690,74,4.35,1.32,80,4.71,1.69,81,4.76,1.75,0.98,0.98,0.32,0.32,0.01,230.23
279,155,179,8424,76,4.75,1.44,122,7.62,5.71,81,5.06,1.39,0.94,0.9,0.23,0.22,0.0,214.67
280,145,182,8850,60,4.29,1.14,101,7.21,5.66,69,4.93,2.2,0.92,0.89,0.21,0.21,0.32,212.05
281,90,124,5074,65,4.33,1.54,67,4.47,1.73,67,4.47,1.73,0.97,0.96,0.28,0.28,0.02,228.85
282,163,221,9383,79,4.65,1.46,125,7.35,5.47,90,5.29,1.49,0.99,0.98,0.33,0.32,0.0,221.23
283,165,190,8476,79,4.94,1.12,121,7.56,5.64,84,5.25,1.34,0.89,0.84,0.25,0.24,1.03,212.32
284,95,119,6138,65,5.0,1.87,67,5.15,1.86,67,5.15,1.86,0.98,0.93,0.29,0.28,0.01,242.87
285,155,180,8147,64,4.27,1.67,96,6.4,4.52,71,4.73,2.05,0.92,0.89,0.29,0.29,0.44,218.93
286,172,220,9669,100,5.56,1.92,125,6.94,2.88,109,6.06,1.89,0.92,0.91,0.27,0.26,0.17,230.07
287,117,156,6417,76,4.47,1.77,86,5.06,2.19,86,5.06,2.19,0.99,0.99,0.27,0.27,0.01,240.06
288,207,258,13589,80,4.71,1.36,145,8.53,8.57,86,5.06,1.6,0.97,0.91,0.31,0.29,0.02,227.78
289,110,131,5372,76,5.07,1.91,81,5.4,2.16,80,5.33,2.02,0.98,0.97,0.29,0.29,0.0,235.24
290,171,196,8658,71,4.18,1.07,121,7.12,5.69,78,4.59,1.37,0.94,0.9,0.23,0.21,0.29,221.12
291,144,169,8103,62,4.77,1.88,103,7.92,6.13,65,5.0,2.31,0.97,0.92,0.25,0.25,0.02,204.92
292,117,147,6046,74,4.35,1.5,82,4.82,1.98,82,4.82,1.98,0.98,0.96,0.31,0.3,0.01,232.49
293,157,206,8533,80,4.71,1.36,114,6.71,3.87,89,5.24,1.52,0.96,0.95,0.32,0.32,0.83,217.35
294,132,156,6339,83,4.88,1.83,87,5.12,2.0,86,5.06,2.05,0.99,0.98,0.32,0.32,0.01,231.43
295,130,161,6642,56,4.0,1.18,95,6.79,6.02,59,4.21,1.37,0.98,0.98,0.26,0.26,0.03,228.97
296,168,203,9674,74,4.62,1.36,123,7.69,6.41,82,5.12,1.78,0.94,0.9,0.37,0.35,2.02,224.56
297,105,123,5009,67,3.94,1.2,78,4.59,1.58,78,4.59,1.58,1.0,0.99,0.38,0.38,0.0,238.9
298,136,165,7235,64,3.76,1.25,100,5.88,4.37,67,3.94,1.34,0.98,0.96,0.37,0.36,0.07,226.67
299,153,187,8830,69,4.6,1.64,117,7.8,6.11,76,5.07,1.83,0.95,0.91,0.32,0.31,0.03,202.41
300,81,104,4745,62,3.88,1.45,66,4.12,1.5,66,4.12,1.5,0.97,0.93,0.31,0.29,0.02,223.41
301,163,196,9289,61,4.36,1.01,113,8.07,6.81,64,4.57,1.34,0.98,0.94,0.31,0.29,0.11,221.06
302,83,99,4072,57,3.56,1.31,62,3.88,1.54,61,3.81,1.47,0.97,0.96,0.37,0.38,0.0,244.36
303,165,208,8849,67,4.47,1.85,113,7.53,6.37,71,4.73,1.98,0.98,0.95,0.29,0.27,0.2,215.38
304,139,182,8993,60,3.53,1.23,112,6.59,6.06,65,3.82,1.33,0.93,0.89,0.33,0.31,0.04,200.14
305,74,103,4302,64,4.0,2.07,69,4.31,2.15,69,4.31,2.15,0.97,0.96,0.44,0.42,0.01,225.82
306,160,220,9682,48,3.0,1.32,101,6.31,7.63,50,3.12,1.31,0.97,0.95,0.46,0.44,0.46,210.3
307,137,196,10393,67,3.72,1.67,117,6.5,5.87,75,4.17,1.72,0.96,0.93,0.48,0.46,0.01,219.91
308,66,107,4462,56,3.29,1.16,64,3.76,1.44,63,3.71,1.31,0.98,0.96,0.36,0.35,0.02,223.55
309,144,212,9167,65,3.82,1.78,112,6.59,6.11,76,4.47,2.12,0.93,0.9,0.32,0.3,0.02,200.01
310,63,88,3901,56,3.73,1.28,62,4.13,1.81,62,4.13,1.81,0.92,0.88,0.39,0.37,0.01,229.2
311,167,235,12665,61,4.07,1.67,130,8.67,8.01,69,4.6,2.1,0.97,0.92,0.39,0.36,0.13,208.5
312,92,129,6567,54,3.6,1.88,85,5.67,4.64,58,3.87,2.07,0.95,0.9,0.4,0.36,0.26,184.36
313,47,59,2444,43,2.87,1.13,45,3.0,1.25,45,3.0,1.25,0.97,0.96,0.5,0.48,0.0,218.72
314,98,116,5186,57,4.07,1.98,91,6.5,5.49,66,4.71,2.09,0.9,0.84,0.37,0.33,0.01,195.47
315,54,71,2895,39,3.25,1.42,52,4.33,2.1,52,4.33,2.1,0.97,0.96,0.49,0.49,0.01,226.47
316,125,144,7387,35,2.69,1.25,88,6.77,7.79,40,3.08,1.61,0.98,0.94,0.52,0.5,0.0,218.66
317,113,159,7368,56,3.29,1.36,97,5.71,5.05,63,3.71,1.61,0.97,0.94,0.49,0.47,0.05,203.18
318,51,71,3212,44,3.14,1.66,48,3.43,1.7,48,3.43,1.7,0.97,0.94,0.46,0.42,0.03,214.1
319,95,115,5722,44,2.93,1.33,81,5.4,4.55,49,3.27,1.67,0.97,0.93,0.45,0.43,0.0,208.43
320,134,172,8422,58,3.87,1.36,105,7.0,6.18,64,4.27,1.87,0.96,0.9,0.38,0.34,0.0,192.95
321,80,115,4905,71,4.18,1.88,78,4.59,2.18,78,4.59,2.18,0.97,0.95,0.47,0.46,0.01,217.36
322,71,102,4632,65,4.06,1.91,70,4.38,2.03,70,4.38,2.03,0.97,0.92,0.49,0.46,0.04,224.39
323,60,86,4433,52,3.06,1.2,60,3.53,1.46,60,3.53,1.46,0.97,0.9,0.46,0.43,0.36,218.18
324,64,96,3927,54,3.86,1.75,60,4.29,1.77,59,4.21,1.67,0.97,0.97,0.43,0.42,0.02,205.99
325,67,108,4477,59,3.47,1.62,64,3.76,1.68,64,3.76,1.68,0.98,0.98,0.43,0.42,0.71,207.56
326,82,115,4770,70,3.89,1.23,81,4.5,1.62,81,4.5,1.62,0.99,0.97,0.41,0.39,0.01,216.87
327,77,120,5907,70,4.12,1.45,76,4.47,1.59,76,4.47,1.59,0.99,0.94,0.45,0.42,0.37,220.13
328,53,82,3380,49,3.06,1.48,53,3.31,1.96,53,3.31,1.96,1.0,0.99,0.52,0.52,0.03,228.54
329,73,122,5686,64,3.56,1.46,69,3.83,1.65,70,3.89,1.75,0.96,0.91,0.44,0.4,0.13,207.74
330,88,126,5532,68,4.0,1.46,80,4.71,1.86,80,4.71,1.86,0.97,0.93,0.5,0.47,0.03,215.55
331,94,145,5929,75,4.17,2.09,90,5.0,2.79,89,4.94,2.8,0.95,0.95,0.39,0.38,0.03,220.08
332,52,76,3470,43,2.69,1.14,51,3.19,1.42,50,3.12,1.31,0.9,0.86,0.47,0.46,0.02,208.64
333,73,102,4503,58,4.14,2.03,70,5.0,2.57,70,5.0,2.57,0.98,0.96,0.46,0.43,0.02,225.01
334,77,117,4993,71,4.18,1.63,77,4.53,2.03,77,4.53,2.03,0.96,0.93,0.47,0.45,0.03,222.68
335,92,125,5779,84,5.25,2.24,90,5.62,2.13,89,5.56,2.13,0.97,0.93,0.45,0.43,0.24,222.56
336,96,136,6663,81,4.5,2.12,90,5.0,2.35,91,5.06,2.46,0.91,0.89,0.42,0.4,0.27,216.81
337,86,120,5384,70,4.67,1.23,77,5.13,1.6,78,5.2,1.61,0.9,0.88,0.39,0.39,0.41,202.78
338,82,112,5278,68,4.0,2.03,73,4.29,2.14,75,4.41,2.12,0.97,0.91,0.46,0.43,0.02,214.58
339,84,120,5428,69,4.06,1.85,74,4.35,1.8,76,4.47,2.03,0.95,0.93,0.36,0.35,0.55,210.26
340,72,108,4551,63,4.2,1.01,65,4.33,1.11,65,4.33,1.11,0.94,0.93,0.47,0.45,0.08,224.16
341,77,104,4379,62,3.88,1.26,69,4.31,1.62,68,4.25,1.53,0.95,0.93,0.43,0.41,0.02,214.74
342,51,74,3000,47,3.36,0.93,48,3.43,0.85,48,3.43,0.85,1.0,1.0,0.52,0.51,2.15,225.65
343,64,89,4114,52,3.47,1.19,55,3.67,1.29,57,3.8,1.37,0.91,0.89,0.38,0.37,0.53,217.76
344,66,86,3948,55,3.24,0.9,56,3.29,0.92,56,3.29,0.92,0.93,0.89,0.53,0.51,0.44,221.36
345,45,61,4237,41,2.93,1.44,41,2.93,1.44,41,2.93,1.44,0.89,0.86,0.38,0.34,0.02,195.76
346,67,82,3771,56,3.29,1.61,61,3.59,1.73,61,3.59,1.73,0.96,0.93,0.43,0.4,0.02,214.44
347,50,61,2563,41,2.56,1.31,43,2.69,1.49,42,2.62,1.5,0.9,0.88,0.63,0.61,0.02,222.35
348,102,138,5536,89,4.94,2.1,81,4.5,2.07,96,5.33,2.68,0.73,0.74,0.41,0.4,0.27,182.5
349,84,111,5065,57,3.35,1.0,63,3.71,1.21,63,3.71,1.21,0.98,0.94,0.45,0.42,0.03,218.49
350,68,87,3643,58,3.62,1.09,65,4.06,1.39,65,4.06,1.39,0.91,0.89,0.42,0.41,0.52,205.79
351,59,86,4184,50,3.57,1.34,56,4.0,1.57,57,4.07,1.64,0.94,0.88,0.45,0.43,0.53,225.32
352,85,129,5322,72,4.24,1.99,79,4.65,2.26,76,4.47,2.0,0.98,0.97,0.48,0.47,2.34,211.34
353,55,79,3445,49,2.88,1.22,53,3.12,1.36,53,3.12,1.41,0.95,0.93,0.48,0.47,0.01,204.59
354,49,72,3192,40,2.67,1.68,46,3.07,2.34,47,3.13,2.53,0.97,0.96,0.6,0.6,0.07,226.1
355,69,91,3724,52,3.06,1.3,65,3.82,1.74,66,3.88,1.8,1.0,1.0,0.54,0.53,0.0,210.0
356,82,105,4763,61,3.59,1.8,80,4.71,2.8,80,4.71,2.82,0.95,0.93,0.47,0.44,0.01,225.65
357,78,105,4718,60,3.53,1.77,76,4.47,2.24,77,4.53,2.27,0.93,0.9,0.5,0.48,0.62,226.86
358,64,92,3884,54,3.38,1.59,60,3.75,1.73,60,3.75,1.73,0.95,0.94,0.39,0.38,0.03,200.36
359,65,87,3620,53,3.12,1.36,63,3.71,1.79,62,3.65,1.77,0.96,0.95,0.51,0.5,0.02,231.39
360,77,103,4686,67,4.19,1.8,75,4.69,2.06,75,4.69,2.06,0.92,0.87,0.43,0.39,0.05,194.14
361,83,115,4740,67,3.94,1.25,78,4.59,1.58,79,4.65,1.69,0.89,0.89,0.46,0.45,0.11,210.02
362,79,93,4683,63,3.5,1.42,75,4.17,1.95,74,4.11,1.94,0.93,0.9,0.5,0.48,0.0,218.52
363,56,70,3057,50,3.57,1.79,55,3.93,1.9,55,3.93,1.9,0.93,0.9,0.44,0.42,0.0,184.52
364,57,79,3358,48,3.43,1.74,56,4.0,2.04,57,4.07,1.98,0.95,0.93,0.43,0.41,0.01,189.69
365,50,69,2913,46,2.88,1.2,49,3.06,1.29,49,3.06,1.29,0.95,0.93,0.61,0.6,2.0,206.44
366,46,63,2672,41,2.93,1.44,45,3.21,1.76,45,3.21,1.76,0.94,0.92,0.54,0.52,0.01,209.5
367,59,83,3600,48,3.2,0.68,55,3.67,1.05,55,3.67,1.05,0.96,0.92,0.44,0.41,0.06,215.94
368,46,67,2776,36,3.0,1.04,44,3.67,1.56,45,3.75,1.6,1.0,1.0,0.45,0.44,0.04,212.61
369,55,76,3096,47,2.76,1.2,55,3.24,1.44,55,3.24,1.44,1.0,1.0,0.47,0.46,0.02,223.72
370,73,118,4806,53,2.94,1.21,65,3.61,1.5,66,3.67,1.53,0.99,0.98,0.49,0.48,0.42,209.33
371,57,109,5127,48,2.82,0.95,52,3.06,1.25,52,3.06,1.25,0.98,0.93,0.37,0.34,0.08,209.46
372,72,122,5101,60,3.75,1.24,71,4.44,1.67,65,4.06,1.39,0.99,0.99,0.45,0.43,0.04,213.79
373,44,60,3757,39,3.0,1.53,40,3.08,1.66,41,3.15,1.57,0.93,0.86,0.37,0.34,0.03,232.44
374,52,68,2852,47,3.36,1.22,51,3.64,1.78,51,3.64,1.78,0.92,0.92,0.38,0.36,0.01,211.93
375,82,108,4493,65,3.82,1.67,79,4.65,1.77,81,4.76,1.79,0.97,0.96,0.34,0.33,0.02,230.99
376,62,86,3658,52,3.47,1.41,60,4.0,1.77,60,4.0,1.77,0.94,0.92,0.36,0.34,0.03,217.53
377,61,89,3687,52,3.47,1.6,60,4.0,1.77,60,4.0,1.77,0.97,0.96,0.46,0.45,0.03,226.59
378,78,104,4249,55,3.67,1.91,75,5.0,2.3,75,5.0,2.3,0.94,0.95,0.43,0.43,0.01,217.07
379,98,139,5729,58,3.41,1.7,74,4.35,2.0,75,4.41,1.94,0.95,0.94,0.45,0.44,0.01,216.8
380,74,98,4075,62,3.44,2.06,72,4.0,2.28,72,4.0,2.28,0.97,0.96,0.4,0.39,0.01,220.92
381,62,80,3521,46,2.88,1.15,62,3.88,1.67,61,3.81,1.64,0.95,0.91,0.43,0.4,0.0,212.91
382,93,113,4840,70,4.38,1.15,88,5.5,1.97,89,5.56,1.97,0.94,0.91,0.44,0.43,0.0,217.8
383,47,60,2495,42,3.5,1.88,46,3.83,2.17,46,3.83,2.17,0.97,0.97,0.54,0.54,0.0,224.29
384,86,114,5075,70,4.12,1.73,82,4.82,2.01,81,4.76,1.92,0.99,0.96,0.4,0.37,0.02,221.72
385,82,115,4721,64,4.0,1.63,79,4.94,2.35,80,5.0,2.48,0.97,0.96,0.37,0.36,0.01,214.66
386,66,102,6392,55,3.93,1.64,60,4.29,1.94,64,4.57,1.91,0.88,0.82,0.39,0.37,0.23,197.02
387,64,106,5419,54,3.86,1.75,60,4.29,1.68,63,4.5,1.7,0.92,0.88,0.47,0.46,0.18,213.35
388,43,59,2400,32,3.2,1.55,42,4.2,2.2,42,4.2,2.2,1.0,1.0,0.41,0.4,0.01,223.92
389,64,84,3999,53,2.94,1.3,64,3.56,1.58,63,3.5,1.54,0.94,0.91,0.55,0.52,0.01,218.44
390,41,58,2749,35,3.18,1.08,39,3.55,0.93,39,3.55,0.93,0.91,0.86,0.36,0.31,0.02,224.38
391,36,58,2428,30,2.73,1.19,36,3.27,1.68,36,3.27,1.68,0.99,0.98,0.52,0.51,0.03,220.43
392,68,95,3918,54,3.86,1.66,64,4.57,1.91,64,4.57,1.91,0.92,0.91,0.38,0.36,0.01,216.95
393,50,65,2775,43,2.87,1.3,49,3.27,1.53,49,3.27,1.53,0.95,0.93,0.53,0.51,0.02,203.7
394,72,102,4281,53,3.12,1.32,71,4.18,1.88,72,4.24,1.92,0.98,0.96,0.53,0.52,0.06,231.11
395,82,117,4971,61,3.59,1.06,78,4.59,1.73,78,4.59,1.73,0.94,0.91,0.41,0.39,0.01,216.03
396,95,127,5135,54,3.86,1.17,61,4.36,1.34,61,4.36,1.34,0.98,0.97,0.48,0.47,0.01,236.74
397,67,84,3655,54,3.6,1.4,61,4.07,1.67,62,4.13,1.73,0.95,0.93,0.39,0.38,0.01,218.21
398,92,106,4366,64,4.0,1.15,84,5.25,2.18,80,5.0,1.9,0.97,0.96,0.43,0.42,0.01,232.16
399,93,115,6279,68,4.0,1.73,85,5.0,2.18,83,4.88,2.06,0.93,0.87,0.37,0.32,0.29,216.35
400,66,94,4038,56,3.5,1.26,61,3.81,1.38,61,3.81,1.38,0.98,0.95,0.37,0.35,0.04,239.28
401,98,130,5354,74,4.93,1.67,95,6.33,2.72,95,6.33,2.72,0.98,0.97,0.36,0.35,0.02,231.1
402,113,149,6239,79,4.65,1.11,100,5.88,2.03,100,5.88,2.03,0.94,0.92,0.36,0.34,0.04,210.45
403,116,146,6131,90,5.0,2.06,107,5.94,3.33,107,5.94,3.33,0.95,0.92,0.34,0.32,0.0,215.66
404,106,137,5741,73,4.56,1.79,96,6.0,2.53,94,5.88,2.39,0.97,0.96,0.39,0.37,0.19,223.62
405,130,161,6791,100,5.88,1.96,115,6.76,2.44,115,6.76,2.44,0.97,0.95,0.35,0.34,0.14,218.98
406,100,128,5246,79,4.94,1.77,91,5.69,1.89,92,5.75,1.91,0.97,0.97,0.34,0.34,0.01,206.38
407,114,140,6167,87,5.12,1.76,96,5.65,2.23,96,5.65,2.23,0.88,0.85,0.34,0.33,0.02,220.23
408,112,158,6784,87,5.12,1.62,102,6.0,2.15,102,6.0,2.15,0.96,0.94,0.32,0.33,0.29,220.82
409,94,130,5944,71,3.94,1.86,85,4.72,2.47,86,4.78,2.44,0.96,0.92,0.41,0.4,0.78,221.31
410,107,126,5399,81,4.76,1.86,93,5.47,1.81,94,5.53,1.87,0.91,0.89,0.37,0.35,0.03,219.02
411,95,130,5741,65,4.06,1.48,84,5.25,3.24,84,5.25,3.24,0.93,0.89,0.4,0.37,0.47,221.54
412,71,107,4684,55,3.67,1.5,65,4.33,1.5,66,4.4,1.55,0.94,0.91,0.44,0.44,0.76,221.49
413,62,85,3756,50,3.33,1.05,57,3.8,1.21,57,3.8,1.21,0.93,0.91,0.37,0.36,0.41,199.82
414,43,66,3810,35,2.69,1.25,39,3.0,1.58,41,3.15,1.68,0.93,0.87,0.52,0.49,1.78,209.89
415,58,80,3240,46,3.07,1.22,56,3.73,1.83,56,3.73,1.83,1.0,1.0,0.49,0.48,0.01,226.38
416,42,63,3020,34,2.62,1.33,40,3.08,1.26,40,3.08,1.26,0.85,0.79,0.3,0.27,0.46,173.29
417,70,89,4258,53,3.12,1.11,67,3.94,1.64,68,4.0,1.66,0.95,0.9,0.51,0.5,0.49,232.44
418,66,93,4314,53,3.53,1.41,65,4.33,1.99,63,4.2,1.82,0.9,0.87,0.42,0.43,0.6,217.23
419,64,87,3889,53,3.12,1.32,62,3.65,1.54,63,3.71,1.61,0.94,0.93,0.53,0.53,0.35,212.0
420,67,85,3543,52,3.06,1.39,64,3.76,2.02,64,3.76,2.02,0.95,0.94,0.42,0.41,0.01,211.43
421,72,96,4454,56,4.67,1.23,70,5.83,1.03,70,5.83,1.03,0.9,0.83,0.38,0.36,0.28,222.45
422,80,105,4329,64,4.27,1.75,74,4.93,2.05,74,4.93,2.05,0.98,0.98,0.43,0.42,0.69,219.78
423,85,132,5648,61,3.81,1.83,81,5.06,1.95,83,5.19,2.1,0.96,0.93,0.31,0.31,0.13,221.31
424,103,151,7963,75,4.41,1.8,92,5.41,2.37,99,5.82,3.09,0.9,0.8,0.45,0.42,0.45,209.54
425,86,122,8060,71,4.18,2.43,79,4.65,2.4,83,4.88,2.37,0.85,0.78,0.46,0.41,0.8,201.19
426,70,109,4540,48,3.2,1.32,64,4.27,1.22,64,4.27,1.22,0.94,0.93,0.45,0.44,1.01,219.57
427,63,96,3935,55,3.06,1.43,63,3.5,1.54,63,3.5,1.54,0.97,0.96,0.45,0.43,0.01,208.22
428,72,107,4712,59,3.47,1.46,67,3.94,1.68,67,3.94,1.68,0.97,0.95,0.44,0.43,0.01,230.04
429,76,113,5200,63,3.71,1.1,72,4.24,1.25,72,4.24,1.25,0.94,0.9,0.32,0.3,0.03,203.56
430,79,108,4968,68,4.25,1.77,77,4.81,1.72,77,4.81,1.72,0.96,0.95,0.43,0.42,0.01,213.96
431,102,135,5595,74,4.35,1.66,93,5.47,2.35,93,5.47,2.37,0.94,0.93,0.43,0.43,0.02,211.36
432,67,98,4550,57,3.56,1.36,65,4.06,1.57,65,4.06,1.57,0.91,0.86,0.51,0.49,0.36,210.0
433,90,122,5118,78,5.2,1.57,86,5.73,2.22,86,5.73,2.22,0.97,0.96,0.4,0.39,0.03,217.01
434,70,96,4762,56,3.73,1.53,66,4.4,1.5,66,4.4,1.5,0.99,0.95,0.46,0.44,0.01,212.07
435,46,64,2684,38,2.53,0.83,45,3.0,1.07,44,2.93,1.1,0.94,0.92,0.55,0.54,0.02,216.91
436,55,87,3620,45,3.21,1.58,52,3.71,1.9,50,3.57,1.7,1.0,1.0,0.44,0.43,0.04,190.83
437,61,95,3893,48,3.2,1.42,58,3.87,1.88,58,3.87,1.88,0.97,0.96,0.47,0.46,0.62,239.47
438,63,79,4159,55,3.93,2.06,62,4.43,2.38,62,4.43,2.38,0.95,0.9,0.6,0.58,0.04,223.98
439,63,90,4153,52,3.25,1.18,60,3.75,1.44,61,3.81,1.52,0.98,0.93,0.43,0.41,0.04,214.11
440,46,64,2641,42,3.0,1.52,45,3.21,1.58,45,3.21,1.58,0.97,0.97,0.48,0.47,0.01,219.07
441,60,89,4060,58,3.62,1.5,60,3.75,1.61,60,3.75,1.61,0.98,0.94,0.47,0.44,0.09,223.21
442,76,94,3894,60,3.53,1.7,72,4.24,2.11,72,4.24,2.11,0.99,0.98,0.53,0.51,0.03,235.02
443,62,87,3561,57,3.35,1.32,60,3.53,1.46,60,3.53,1.46,0.99,0.99,0.51,0.51,0.61,226.51
444,66,96,4190,55,3.93,1.49,65,4.64,1.91,65,4.64,1.91,0.98,0.96,0.5,0.48,0.02,206.23
445,50,74,3163,42,3.5,1.45,46,3.83,1.59,48,4.0,1.91,0.98,0.96,0.57,0.55,0.05,214.03
446,99,133,5901,78,4.33,2.57,95,5.28,2.99,87,4.83,2.79,0.96,0.93,0.52,0.5,0.04,197.79
447,74,106,4355,60,3.33,1.53,68,3.78,1.73,68,3.78,1.73,0.97,0.97,0.52,0.51,0.06,201.54
448,48,69,2846,46,3.83,1.64,48,4.0,1.54,47,3.92,1.56,0.96,0.96,0.42,0.4,0.03,184.0
449,68,91,3823,56,4.0,1.52,64,4.57,1.65,64,4.57,1.55,0.98,0.97,0.35,0.34,0.02,210.64
450,75,101,4322,64,4.0,1.51,73,4.56,2.13,72,4.5,2.07,0.95,0.92,0.52,0.5,0.0,203.53
451,71,97,4071,58,3.41,1.5,66,3.88,1.9,65,3.82,1.78,0.92,0.91,0.38,0.38,0.03,211.71
452,49,73,2997,43,2.87,1.46,46,3.07,1.79,46,3.07,1.79,0.95,0.95,0.44,0.43,0.06,184.01
453,62,87,3995,53,3.79,1.53,57,4.07,1.59,57,4.07,1.59,0.89,0.85,0.46,0.41,0.01,191.75
454,69,88,3735,64,4.0,1.75,68,4.25,1.95,68,4.25,1.95,0.95,0.93,0.54,0.52,0.0,195.19
455,67,89,3748,57,3.56,1.5,64,4.0,1.9,61,3.81,1.6,0.98,0.97,0.49,0.47,0.03,205.25
456,48,72,3144,43,3.31,0.75,47,3.62,1.19,47,3.62,1.19,0.93,0.9,0.42,0.39,0.03,205.35
457,49,68,3087,45,3.75,1.96,47,3.92,2.27,47,3.92,2.27,0.89,0.86,0.44,0.41,0.03,214.57
458,68,91,3824,60,3.53,1.23,65,3.82,1.42,65,3.82,1.42,0.94,0.93,0.5,0.48,0.03,185.96
459,79,110,5575,66,4.12,1.75,75,4.69,2.15,73,4.56,2.19,0.94,0.88,0.41,0.39,0.02,211.79
460,72,105,5339,65,4.06,1.84,71,4.44,2.16,71,4.44,2.16,0.92,0.87,0.47,0.44,0.02,194.33
461,31,44,2866,31,3.1,1.73,31,3.1,1.73,31,3.1,1.73,0.88,0.78,0.48,0.43,0.02,218.96
462,64,100,4037,53,3.53,1.6,61,4.07,2.09,60,4.0,2.14,0.98,0.98,0.52,0.51,0.05,214.36
463,71,111,4711,64,3.76,1.39,69,4.06,1.68,69,4.06,1.68,0.96,0.94,0.47,0.45,0.23,194.26
464,53,76,4539,48,3.43,1.83,50,3.57,1.7,50,3.57,1.7,0.92,0.89,0.49,0.44,0.09,190.52
465,63,89,4020,56,3.73,1.67,62,4.13,1.77,62,4.13,1.77,0.95,0.89,0.44,0.41,0.01,203.9
466,75,109,4512,69,4.6,1.88,73,4.87,2.03,73,4.87,2.03,0.93,0.92,0.49,0.48,0.02,206.95
467,78,105,4460,65,3.82,1.91,70,4.12,2.34,71,4.18,2.38,0.9,0.88,0.48,0.46,0.06,193.74
468,130,190,7420,118,6.94,2.33,94,5.53,1.46,127,7.47,2.58,0.66,0.68,0.36,0.36,0.2,163.52
469,53,76,3161,48,3.43,0.85,49,3.5,1.09,52,3.71,1.07,0.86,0.85,0.55,0.53,0.2,197.95
470,66,105,4297,55,3.67,1.63,59,3.93,2.05,59,3.93,1.91,0.97,0.97,0.44,0.43,1.45,207.07
471,74,223,10883,63,3.5,1.69,72,4.0,2.09,71,3.94,2.13,0.92,0.88,0.48,0.44,2.68,207.1
472,70,105,4401,61,3.59,1.5,67,3.94,1.85,66,3.88,1.73,0.97,0.96,0.45,0.43,0.19,199.68
473,80,109,4420,65,4.06,1.88,76,4.75,2.38,78,4.88,2.42,0.97,0.98,0.52,0.51,0.01,200.68
474,58,88,3710,51,3.64,1.55,58,4.14,1.79,58,4.14,1.79,0.98,0.97,0.49,0.47,2.09,203.41
475,83,116,4821,71,3.94,1.59,81,4.5,2.18,81,4.5,2.18,0.98,0.97,0.4,0.38,0.84,212.98
476,84,106,4563,76,4.22,1.59,83,4.61,1.75,83,4.61,1.75,0.91,0.88,0.45,0.42,0.01,200.5
477,92,135,5739,84,4.67,2.03,90,5.0,2.35,90,5.0,2.35,0.95,0.92,0.51,0.49,1.53,190.38
478,88,124,5539,76,4.22,1.4,84,4.67,1.64,84,4.67,1.61,0.94,0.89,0.48,0.43,0.21,206.36
479,74,101,4285,66,4.12,1.5,71,4.44,1.5,72,4.5,1.51,0.95,0.93,0.5,0.47,0.01,207.42
481,120,176,7577,99,5.82,1.78,115,6.76,2.51,117,6.88,2.74,0.95,0.94,0.39,0.39,0.22,208.9
482,118,155,6412,80,4.44,1.72,96,5.33,2.22,97,5.39,2.28,0.98,0.96,0.41,0.4,0.01,212.0
483,87,112,4688,75,4.69,1.7,83,5.19,1.8,83,5.19,1.8,0.96,0.94,0.49,0.47,0.01,226.03
484,82,121,4968,65,4.33,1.29,79,5.27,1.98,79,5.27,1.98,0.95,0.94,0.42,0.4,0.01,210.06
485,97,147,6032,78,4.33,1.03,92,5.11,1.49,92,5.11,1.49,0.99,0.99,0.36,0.36,0.06,207.62
486,67,93,3989,58,3.87,1.55,64,4.27,1.71,64,4.27,1.71,0.95,0.92,0.4,0.38,0.03,205.89
487,67,112,5514,59,3.47,1.23,64,3.76,1.44,64,3.76,1.44,0.98,0.92,0.45,0.42,1.27,208.28
488,68,92,4160,57,3.35,1.32,63,3.71,1.53,65,3.82,1.59,0.94,0.9,0.41,0.38,0.01,183.39
489,70,102,4384,59,3.69,1.14,69,4.31,1.3,68,4.25,1.39,0.96,0.93,0.53,0.49,0.05,220.19
490,78,125,5098,68,3.78,1.22,72,4.0,1.46,72,4.0,1.46,0.99,0.99,0.49,0.48,0.55,195.08
491,74,113,5478,66,3.67,1.61,74,4.11,2.03,74,4.11,2.03,0.92,0.86,0.4,0.37,0.37,199.41
492,73,114,5587,65,4.06,1.34,68,4.25,1.44,71,4.44,1.82,0.89,0.85,0.36,0.34,0.62,191.1
493,73,105,5159,57,4.07,1.94,69,4.93,2.81,71,5.07,2.76,0.89,0.84,0.48,0.45,0.41,207.31
494,77,108,4444,63,3.94,1.65,70,4.38,2.16,71,4.44,2.19,0.98,0.98,0.42,0.41,0.02,217.86
495,78,108,4628,61,3.59,1.73,73,4.29,2.14,73,4.29,2.14,0.96,0.95,0.5,0.47,0.07,201.65
496,76,105,4342,60,4.0,1.85,74,4.93,1.83,73,4.87,1.81,0.99,0.99,0.5,0.49,0.02,209.39
497,75,110,5737,67,3.72,1.6,74,4.11,1.6,74,4.11,1.6,0.94,0.87,0.47,0.44,0.08,209.08
498,88,133,6449,74,4.35,2.23,84,4.94,2.51,85,5.0,2.6,0.9,0.86,0.46,0.46,1.07,201.14
499,89,136,6263,76,4.47,1.94,86,5.06,2.01,87,5.12,2.03,0.92,0.88,0.4,0.37,0.34,210.48
500,85,124,6740,66,3.67,1.81,76,4.22,2.02,79,4.39,2.43,0.9,0.85,0.49,0.47,0.03,210.01
501,84,117,4788,66,4.12,2.06,80,5.0,2.76,78,4.88,2.5,0.99,0.99,0.5,0.49,0.03,194.17
502,89,125,5766,70,3.89,1.37,85,4.72,1.56,85,4.72,1.56,0.95,0.91,0.42,0.4,0.32,207.96
503,104,160,8067,86,4.78,1.4,95,5.28,1.53,101,5.61,2.06,0.87,0.85,0.49,0.49,1.1,221.46
504,88,123,5489,74,4.11,1.6,86,4.78,2.02,86,4.78,2.02,0.96,0.93,0.5,0.48,0.01,216.01
505,95,197,9033,79,4.39,2.06,92,5.11,2.35,91,5.06,2.36,0.97,0.92,0.51,0.48,2.13,210.56
506,67,95,4164,62,3.88,1.5,66,4.12,1.89,66,4.12,1.89,0.95,0.91,0.41,0.38,0.01,206.47
507,72,109,4504,60,3.75,1.48,69,4.31,1.7,69,4.31,1.7,0.97,0.97,0.41,0.4,0.03,211.62
508,101,143,6579,89,5.24,1.6,94,5.53,1.91,94,5.53,1.77,0.94,0.9,0.35,0.33,0.72,192.44
509,76,117,4819,67,4.19,1.94,74,4.62,2.03,73,4.56,2.0,1.0,0.99,0.5,0.49,0.02,207.84
510,66,104,4284,55,3.24,1.82,64,3.76,2.08,64,3.76,2.08,0.98,0.98,0.53,0.52,0.01,214.5
511,49,69,2868,40,2.86,0.95,47,3.36,1.5,47,3.36,1.5,1.0,1.0,0.38,0.37,0.03,207.9
512,56,88,3648,49,3.27,1.71,55,3.67,2.13,55,3.67,2.13,1.0,1.0,0.47,0.45,0.02,215.08
513,59,90,3692,52,3.25,1.73,57,3.56,1.75,57,3.56,1.75,0.92,0.91,0.47,0.46,0.06,207.61
514,51,71,2928,45,3.0,1.36,49,3.27,1.39,49,3.27,1.39,0.99,0.98,0.57,0.56,0.02,227.06
515,80,109,4485,58,3.22,1.52,78,4.33,2.47,77,4.28,2.56,0.99,0.98,0.51,0.5,0.15,209.39
516,78,118,4991,65,4.06,1.65,74,4.62,1.75,73,4.56,1.75,0.97,0.95,0.38,0.36,0.03,203.7
517,84,125,5684,74,4.35,1.62,81,4.76,1.75,80,4.71,1.69,0.97,0.93,0.48,0.45,0.03,223.56
518,80,149,6071,64,3.76,1.3,73,4.29,1.93,73,4.29,1.93,0.99,0.99,0.37,0.37,0.04,223.93
519,76,134,5521,60,3.75,1.95,70,4.38,2.36,69,4.31,2.27,0.96,0.95,0.44,0.42,0.54,206.99
520,82,144,7090,68,3.78,1.31,77,4.28,1.27,77,4.28,1.27,0.98,0.95,0.43,0.41,0.01,205.42
521,88,139,5725,73,4.29,1.16,81,4.76,1.39,81,4.76,1.39,0.96,0.95,0.38,0.37,0.02,201.75
522,75,113,4784,66,4.71,1.82,72,5.14,2.11,72,5.14,2.11,0.99,0.98,0.45,0.44,0.06,213.86
523,120,151,7358,49,3.77,2.05,63,4.85,2.51,62,4.77,2.42,0.98,0.94,0.39,0.36,0.04,210.07
524,76,109,4418,58,3.41,1.46,72,4.24,1.6,73,4.29,1.65,0.98,0.99,0.48,0.47,0.02,209.9
525,82,115,6160,74,4.62,1.75,81,5.06,2.14,81,5.06,2.14,0.97,0.9,0.44,0.4,0.05,221.75
526,83,118,4860,65,3.82,1.55,80,4.71,2.02,78,4.59,1.97,0.96,0.95,0.47,0.45,0.25,216.36
527,68,104,4244,60,4.0,1.73,67,4.47,2.07,67,4.47,2.07,0.98,0.97,0.49,0.49,0.03,227.03
528,86,128,5885,74,4.35,1.5,81,4.76,1.6,82,4.82,1.63,0.92,0.86,0.4,0.36,0.42,191.44
529,107,163,6867,88,5.18,1.78,102,6.0,2.21,101,5.94,2.14,0.96,0.93,0.38,0.36,0.71,221.38
530,103,138,5642,80,4.44,1.85,99,5.5,2.36,99,5.5,2.36,0.94,0.93,0.45,0.44,0.01,218.68
531,105,157,6572,92,5.11,1.6,100,5.56,2.06,101,5.61,1.97,0.98,0.96,0.43,0.41,0.03,190.88
532,54,71,2965,51,3.4,1.84,54,3.6,1.96,53,3.53,2.0,1.0,1.0,0.45,0.44,0.01,213.03
533,54,82,3657,47,2.94,1.39,52,3.25,1.53,52,3.25,1.53,0.89,0.84,0.5,0.47,0.05,207.19
534,49,76,4139,37,3.7,1.7,42,4.2,2.3,49,4.9,2.47,0.82,0.79,0.45,0.44,1.83,212.04
535,65,89,4005,53,3.31,1.08,61,3.81,1.52,60,3.75,1.48,0.97,0.93,0.52,0.5,0.03,206.25
536,57,85,3640,53,3.31,1.4,55,3.44,1.36,55,3.44,1.36,0.98,0.97,0.49,0.47,0.03,214.62
537,70,115,5111,63,3.94,1.18,69,4.31,1.58,70,4.38,1.59,0.92,0.88,0.35,0.34,3.18,200.36
538,71,101,4556,59,3.69,1.4,66,4.12,1.93,68,4.25,1.81,0.92,0.9,0.51,0.49,0.5,206.8
539,65,99,4057,54,3.38,1.41,63,3.94,1.61,62,3.88,1.41,0.98,0.98,0.42,0.41,1.52,217.26
540,250,499,20943,178,10.47,15.95,70,4.12,2.09,232,13.65,21.57,0.91,0.89,0.38,0.37,0.5,196.67
541,84,122,5201,74,4.35,2.6,79,4.65,2.23,83,4.88,3.1,0.9,0.87,0.46,0.43,0.07,207.27
542,62,90,3675,47,3.36,1.01,58,4.14,1.79,57,4.07,1.86,0.98,0.98,0.51,0.51,0.07,226.31
543,64,90,3996,55,3.44,1.93,63,3.94,2.05,60,3.75,2.08,0.97,0.94,0.47,0.45,2.34,203.41
544,63,86,3898,54,3.38,1.02,63,3.94,1.34,63,3.94,1.34,0.95,0.92,0.42,0.4,0.05,210.73
545,89,123,6405,70,4.12,1.65,82,4.82,1.81,82,4.82,1.81,0.95,0.88,0.39,0.35,0.03,215.26
546,100,151,6930,84,4.67,1.64,93,5.17,2.23,92,5.11,2.0,0.93,0.88,0.48,0.43,1.37,195.88
547,54,76,3805,44,2.93,1.39,50,3.33,1.68,50,3.33,1.68,0.93,0.86,0.46,0.43,0.44,216.35
548,103,161,6556,53,3.12,1.05,69,4.06,1.48,69,4.06,1.48,1.0,1.0,0.4,0.39,0.04,224.36
549,66,100,4297,55,3.67,1.18,60,4.0,1.31,63,4.2,1.52,0.92,0.9,0.39,0.39,0.05,212.82
550,142,212,9797,71,3.94,1.76,91,5.06,2.01,95,5.28,2.02,0.9,0.88,0.37,0.36,1.03,223.27
551,61,84,3469,52,3.47,1.25,58,3.87,1.73,58,3.87,1.73,0.97,0.95,0.4,0.4,0.01,216.81
552,79,110,4633,65,3.82,1.29,76,4.47,1.7,75,4.41,1.66,0.97,0.95,0.44,0.42,0.02,204.93
553,86,126,5364,69,4.06,2.19,83,4.88,2.39,82,4.82,2.32,0.96,0.93,0.47,0.45,0.88,213.5
554,98,142,8378,81,4.5,1.04,93,5.17,1.29,95,5.28,1.27,0.88,0.75,0.36,0.28,0.87,204.19
555,91,131,5412,79,4.65,2.23,86,5.06,2.41,86,5.06,2.41,0.98,0.98,0.52,0.51,0.01,201.83
556,83,113,5000,71,3.94,1.51,77,4.28,1.84,78,4.33,1.81,0.92,0.91,0.47,0.46,0.8,205.88
557,87,123,5385,73,4.56,2.22,82,5.12,2.78,85,5.31,3.0,0.94,0.93,0.53,0.51,4.72,200.74
558,39,50,2020,37,2.85,1.41,38,2.92,1.38,38,2.92,1.38,0.97,0.97,0.51,0.51,0.01,210.01
559,37,46,1962,32,2.46,1.13,36,2.77,0.93,36,2.77,0.93,0.96,0.94,0.49,0.47,0.01,226.96
560,49,67,3943,44,2.75,1.44,48,3.0,1.75,49,3.06,1.81,0.94,0.9,0.53,0.51,0.1,205.15
561,44,56,2277,33,3.0,1.34,43,3.91,2.17,42,3.82,2.18,0.93,0.93,0.45,0.44,0.01,230.11
562,58,86,4125,50,3.12,1.75,54,3.38,1.89,54,3.38,1.89,0.96,0.92,0.52,0.5,0.07,207.76
563,45,64,2716,38,2.92,1.44,44,3.38,1.71,44,3.38,1.71,0.94,0.93,0.53,0.52,0.25,229.25
564,96,128,6069,58,3.62,2.09,93,5.81,5.1,66,4.12,2.33,0.98,0.94,0.42,0.38,0.05,190.49
565,78,118,4879,68,4.25,1.34,72,4.5,1.51,73,4.56,1.46,0.98,0.98,0.46,0.45,0.03,221.21
566,78,108,4476,60,4.29,1.33,74,5.29,1.59,75,5.36,1.69,0.96,0.96,0.42,0.41,0.58,225.26
567,94,134,6171,81,4.5,1.65,87,4.83,1.76,90,5.0,2.09,0.93,0.89,0.4,0.38,0.17,192.18
568,82,114,5069,66,3.88,1.27,79,4.65,2.03,82,4.82,2.27,0.93,0.9,0.45,0.42,0.01,206.18
569,86,116,6675,67,4.47,1.41,83,5.53,2.13,82,5.47,2.03,0.91,0.81,0.41,0.36,0.01,212.38
570,87,125,5790,75,4.41,1.62,86,5.06,1.78,84,4.94,1.64,0.94,0.9,0.37,0.34,1.67,201.12
571,80,118,4943,60,4.0,2.45,74,4.93,2.66,73,4.87,2.59,0.91,0.9,0.42,0.4,0.01,182.23
572,97,142,6780,79,4.65,1.9,91,5.35,1.97,90,5.29,1.93,0.93,0.88,0.53,0.5,0.32,216.84
573,80,119,4919,64,3.76,1.15,79,4.65,1.69,78,4.59,1.66,0.92,0.91,0.41,0.39,0.02,205.12
574,75,106,4313,57,3.8,1.74,71,4.73,1.87,70,4.67,1.8,0.96,0.96,0.38,0.37,0.01,219.22
575,89,122,7029,76,4.47,1.62,86,5.06,1.95,86,5.06,1.95,0.93,0.85,0.47,0.42,0.04,191.92
576,83,117,4805,68,4.0,0.87,78,4.59,1.54,78,4.59,1.54,0.96,0.95,0.43,0.42,0.03,217.08
577,92,127,5276,72,4.5,1.83,86,5.38,2.75,81,5.06,2.17,0.96,0.94,0.45,0.43,1.58,219.22
578,77,109,4584,59,3.69,1.14,74,4.62,1.63,74,4.62,1.63,0.95,0.94,0.38,0.36,0.42,216.38
579,101,154,6471,85,4.72,2.02,95,5.28,2.63,95,5.28,2.63,0.94,0.92,0.42,0.39,0.52,199.52
580,67,93,3949,55,3.93,1.94,66,4.71,2.16,64,4.57,2.21,0.98,0.96,0.47,0.44,0.03,198.98
581,69,97,4863,62,3.65,0.93,67,3.94,1.03,68,4.0,1.06,0.9,0.86,0.43,0.38,0.03,181.14
582,48,69,2870,41,2.73,1.1,47,3.13,1.06,47,3.13,1.06,0.96,0.94,0.45,0.43,0.02,196.66
583,44,61,2653,38,2.71,0.83,43,3.07,1.49,42,3.0,1.47,0.96,0.94,0.5,0.48,0.01,213.51
584,36,52,2097,33,2.75,0.75,34,2.83,0.72,34,2.83,0.72,0.99,0.99,0.44,0.44,0.01,212.52
585,71,101,4420,65,3.82,1.7,70,4.12,1.87,69,4.06,1.75,0.94,0.92,0.47,0.46,0.01,218.8
586,68,92,3849,58,3.62,1.54,65,4.06,1.77,66,4.12,1.82,0.98,0.97,0.51,0.49,0.01,226.78
587,47,68,3296,39,3.25,1.42,42,3.5,1.68,42,3.5,1.68,0.95,0.9,0.42,0.39,0.04,187.45
588,51,72,2924,50,3.57,2.1,51,3.64,2.31,51,3.64,2.31,0.99,0.99,0.53,0.52,0.02,199.46
589,119,161,6447,98,5.76,2.63,93,5.47,1.91,114,6.71,3.1,0.76,0.76,0.35,0.34,0.02,168.35
590,72,110,4604,65,3.82,1.47,70,4.12,1.5,70,4.12,1.5,0.93,0.92,0.35,0.34,0.03,198.43
591,74,94,3804,62,3.44,1.58,71,3.94,1.92,69,3.83,1.82,0.99,0.99,0.46,0.46,0.01,223.17
592,56,77,3765,46,3.83,1.53,55,4.58,1.88,55,4.58,1.88,0.95,0.88,0.47,0.42,0.02,206.95
593,77,120,4989,66,4.12,1.5,76,4.75,2.14,76,4.75,2.14,0.98,0.98,0.38,0.37,0.06,209.94
594,52,73,3028,40,3.08,1.19,51,3.92,1.44,51,3.92,1.44,0.99,0.98,0.42,0.41,0.01,208.68
595,56,75,3113,49,3.27,1.22,53,3.53,1.41,53,3.53,1.41,0.96,0.94,0.46,0.45,0.01,228.81
596,53,66,2891,47,2.94,1.69,52,3.25,1.77,52,3.25,1.77,0.95,0.92,0.56,0.53,0.01,222.8
597,48,70,2937,44,2.93,1.44,47,3.13,1.51,47,3.13,1.51,0.96,0.96,0.5,0.48,0.04,212.08
598,87,133,5632,65,3.82,1.47,75,4.41,1.62,75,4.41,1.62,0.97,0.95,0.39,0.37,0.04,203.9
599,63,91,3737,54,3.18,1.13,62,3.65,1.41,62,3.65,1.41,0.98,0.98,0.44,0.43,0.03,222.86
600,56,82,3439,53,3.31,1.82,56,3.5,1.93,56,3.5,1.93,0.93,0.92,0.53,0.52,0.01,190.45
601,67,94,3943,56,3.5,1.46,63,3.94,1.81,64,4.0,1.86,0.96,0.95,0.46,0.44,0.12,206.28
602,89,118,5024,72,4.24,1.95,83,4.88,2.26,83,4.88,2.26,0.94,0.91,0.5,0.49,0.0,202.55
603,60,84,3655,51,3.4,1.4,59,3.93,1.67,59,3.93,1.67,0.95,0.92,0.47,0.43,0.01,188.87
604,68,104,4337,60,3.75,1.81,67,4.19,2.01,66,4.12,1.89,0.98,0.98,0.48,0.47,0.38,207.01
605,51,71,3456,46,2.88,1.26,50,3.12,1.2,49,3.06,1.24,0.94,0.89,0.56,0.52,0.32,196.9
606,32,45,1840,30,2.73,1.19,32,2.91,1.22,32,2.91,1.22,1.0,1.0,0.51,0.51,0.02,238.4
607,52,75,3670,44,2.93,1.16,50,3.33,1.35,51,3.4,1.5,0.9,0.84,0.42,0.39,0.02,215.88
608,54,74,3250,49,3.27,1.53,52,3.47,1.64,54,3.6,1.92,0.94,0.92,0.52,0.51,0.03,202.31
609,49,65,2696,47,3.13,1.41,49,3.27,1.39,49,3.27,1.39,1.0,1.0,0.6,0.59,0.01,221.4
610,39,57,2406,31,2.21,1.12,37,2.64,1.39,37,2.64,1.39,0.93,0.92,0.59,0.56,0.08,202.68
611,51,72,3023,43,3.07,1.44,51,3.64,1.98,51,3.64,1.98,0.96,0.95,0.45,0.44,0.01,213.85
612,54,76,3266,45,3.0,1.56,52,3.47,1.77,53,3.53,1.81,0.97,0.95,0.51,0.49,0.03,230.17
613,79,124,5810,62,3.88,1.93,71,4.44,2.63,77,4.81,2.79,0.9,0.89,0.44,0.43,1.19,215.62
614,65,96,3966,57,3.17,1.2,64,3.56,1.46,64,3.56,1.46,0.98,0.97,0.5,0.49,0.02,215.18
615,34,40,1727,31,2.82,1.54,32,2.91,1.64,32,2.91,1.64,0.95,0.93,0.61,0.58,0.03,204.8
616,55,76,3254,51,3.0,1.46,54,3.18,1.51,55,3.24,1.52,0.97,0.95,0.52,0.51,0.04,216.52
617,80,104,4410,50,3.57,1.34,57,4.07,1.86,59,4.21,2.22,0.96,0.96,0.41,0.4,0.02,217.14
618,57,80,3650,47,3.62,1.45,54,4.15,1.52,54,4.15,1.52,0.96,0.91,0.42,0.39,0.01,224.18
619,63,95,4284,49,3.27,1.53,53,3.53,1.51,56,3.73,1.75,0.95,0.94,0.45,0.45,0.7,231.02
620,61,92,3831,55,3.67,1.54,59,3.93,1.83,59,3.93,1.83,0.95,0.94,0.35,0.33,0.06,210.13
621,67,100,5018,54,3.18,1.13,53,3.12,1.05,59,3.47,1.66,0.87,0.83,0.44,0.42,0.69,187.37
622,81,132,6841,59,4.21,1.37,65,4.64,1.55,75,5.36,2.34,0.84,0.8,0.31,0.3,1.62,197.68
623,97,128,6187,84,4.94,1.95,87,5.12,2.03,87,5.12,2.03,0.93,0.87,0.34,0.29,0.02,207.28
624,77,106,4352,61,3.81,1.33,72,4.5,1.86,71,4.44,1.9,1.0,1.0,0.4,0.39,0.01,219.14
625,69,99,4069,60,3.75,1.29,65,4.06,1.44,65,4.06,1.44,0.97,0.97,0.39,0.38,0.03,214.51
626,75,100,4092,60,3.75,1.18,71,4.44,1.75,71,4.44,1.75,0.95,0.95,0.44,0.44,0.57,205.88
627,75,113,4722,62,3.88,1.82,72,4.5,1.93,72,4.5,1.93,0.98,0.97,0.36,0.35,0.54,208.03
628,87,111,4555,63,3.94,1.06,78,4.88,1.5,78,4.88,1.5,0.95,0.94,0.36,0.35,0.01,227.88
629,66,98,4104,54,4.15,1.52,57,4.38,1.85,57,4.38,1.85,0.96,0.94,0.36,0.35,3.1,196.68
630,40,48,3157,34,2.62,1.12,35,2.69,1.11,35,2.69,1.11,0.94,0.9,0.59,0.54,0.04,214.33
631,42,58,2381,37,3.08,1.08,40,3.33,1.15,40,3.33,1.15,0.99,0.98,0.33,0.33,0.03,233.52
632,63,88,3644,48,3.0,0.82,57,3.56,1.31,57,3.56,1.31,0.98,0.97,0.42,0.42,0.05,216.37
633,57,86,3661,46,3.29,1.82,54,3.86,2.38,54,3.86,2.38,0.94,0.93,0.46,0.45,0.09,189.52
634,41,51,2504,37,2.64,1.39,40,2.86,1.41,40,2.86,1.41,0.97,0.94,0.58,0.56,0.03,211.91
635,52,71,3716,45,3.21,1.12,49,3.5,1.16,49,3.5,1.16,0.93,0.88,0.53,0.48,0.01,202.63
636,68,89,3892,59,3.47,1.62,63,3.71,1.83,63,3.71,1.83,0.95,0.92,0.48,0.46,0.47,200.11
637,71,88,3761,63,3.94,1.57,66,4.12,1.54,66,4.12,1.54,0.98,0.98,0.59,0.57,0.35,219.77
638,94,136,5787,78,4.59,1.18,92,5.41,1.91,92,5.41,1.91,0.96,0.94,0.43,0.41,0.35,206.58
639,89,114,5672,72,4.5,1.9,81,5.06,2.14,82,5.12,2.16,0.95,0.89,0.52,0.47,1.0,211.36
640,51,72,2950,44,3.14,1.41,50,3.57,1.6,51,3.64,1.6,0.99,0.99,0.46,0.45,0.02,205.05
641,84,113,5009,71,4.18,1.7,80,4.71,1.93,80,4.71,1.93,0.99,0.97,0.61,0.58,0.02,229.39
642,50,69,2864,42,3.0,1.18,50,3.57,1.45,50,3.57,1.45,0.99,0.99,0.44,0.43,0.01,218.0
643,66,91,4138,47,3.36,1.34,64,4.57,1.83,64,4.57,1.79,0.96,0.92,0.34,0.32,0.15,198.5
644,71,103,4415,57,3.17,0.92,67,3.72,1.23,66,3.67,1.24,0.99,0.97,0.48,0.46,0.04,207.88
645,62,89,3682,52,3.47,1.68,60,4.0,1.77,59,3.93,1.67,0.99,0.99,0.38,0.37,0.06,209.32
646,71,97,4049,57,3.56,1.21,68,4.25,1.18,68,4.25,1.18,0.97,0.95,0.45,0.43,0.01,218.07
647,76,100,4124,53,3.12,1.17,72,4.24,1.71,72,4.24,1.71,0.92,0.92,0.44,0.43,0.01,191.15
648,73,106,4594,47,2.94,1.61,55,3.44,1.67,55,3.44,1.67,0.86,0.84,0.34,0.32,0.02,198.18
649,67,89,3725,63,3.71,1.76,65,3.82,1.85,65,3.82,1.85,0.95,0.94,0.49,0.48,0.02,223.32
650,74,98,4021,57,3.8,1.61,70,4.67,1.84,70,4.67,1.84,0.99,0.99,0.5,0.49,0.01,217.92
651,66,93,4602,52,3.47,1.19,66,4.4,1.68,64,4.27,1.62,0.95,0.89,0.47,0.42,0.02,202.79
652,59,85,3520,53,3.31,1.25,57,3.56,1.36,57,3.56,1.36,0.98,0.97,0.47,0.46,0.01,206.26
653,59,74,3531,49,3.5,1.4,57,4.07,2.2,58,4.14,2.18,0.94,0.91,0.52,0.49,0.02,199.67
654,58,87,3751,53,3.12,1.9,57,3.35,1.97,57,3.35,1.97,0.96,0.93,0.48,0.46,0.04,190.09
655,75,104,4717,62,3.65,1.46,72,4.24,1.71,73,4.29,1.79,0.96,0.93,0.5,0.46,0.02,208.51
656,61,77,3256,51,3.4,1.96,59,3.93,2.28,59,3.93,2.28,0.94,0.93,0.52,0.5,0.0,198.97
657,78,155,6333,66,4.4,1.64,75,5.0,1.65,75,5.0,1.65,0.97,0.98,0.41,0.4,3.66,209.28
658,51,71,2904,36,2.57,1.22,50,3.57,1.91,49,3.5,1.87,1.0,1.0,0.55,0.54,0.14,217.51
659,65,105,4308,55,3.67,1.76,62,4.13,1.96,63,4.2,1.97,1.0,1.0,0.47,0.47,3.08,215.77
660,78,113,4749,68,4.0,2.4,74,4.35,2.55,73,4.29,2.39,0.96,0.96,0.52,0.51,0.04,211.36
661,53,76,3508,46,3.07,1.16,51,3.4,1.3,51,3.4,1.3,0.96,0.92,0.51,0.47,0.09,201.74
662,56,74,3056,48,3.2,1.26,52,3.47,1.3,53,3.53,1.41,1.0,1.0,0.49,0.48,0.04,213.27
663,69,88,3880,61,3.81,1.38,66,4.12,1.36,66,4.12,1.36,0.99,0.96,0.45,0.42,0.01,209.47
664,55,74,3429,47,3.13,1.73,52,3.47,1.77,52,3.47,1.77,0.98,0.93,0.56,0.54,0.05,219.51
665,62,93,4248,53,3.31,1.35,60,3.75,1.69,60,3.75,1.69,0.93,0.89,0.43,0.4,0.03,183.01
666,73,110,4585,58,3.62,1.54,64,4.0,1.51,63,3.94,1.57,0.98,0.97,0.4,0.38,0.05,193.06
667,61,87,3802,48,3.43,0.76,60,4.29,1.44,59,4.21,1.37,0.93,0.88,0.37,0.34,0.02,202.77
668,71,88,4043,57,3.56,1.67,68,4.25,2.14,67,4.19,2.04,0.92,0.86,0.55,0.49,0.0,216.3
669,55,74,3169,49,3.5,1.61,52,3.71,1.77,52,3.71,1.77,0.98,0.96,0.51,0.48,0.01,205.6
670,66,92,3830,55,3.67,1.84,63,4.2,2.24,63,4.2,2.24,0.97,0.96,0.42,0.41,0.03,204.72
671,78,105,4443,70,4.38,1.45,75,4.69,1.85,77,4.81,1.8,0.96,0.95,0.39,0.37,0.06,190.84
672,100,133,5585,76,4.22,1.31,94,5.22,2.07,95,5.28,2.11,0.96,0.95,0.39,0.37,0.33,205.24
673,85,106,4566,69,4.06,1.95,81,4.76,1.99,81,4.76,1.99,0.92,0.9,0.46,0.44,1.16,201.84
674,87,112,4672,77,4.28,2.11,86,4.78,2.24,85,4.72,2.24,0.98,0.97,0.46,0.45,0.4,201.3
675,81,113,4743,76,4.47,1.55,81,4.76,1.44,81,4.76,1.44,0.97,0.96,0.4,0.39,0.39,210.59
676,79,118,4812,66,3.88,1.32,76,4.47,1.77,76,4.47,1.77,0.97,0.98,0.41,0.4,0.04,208.18
677,69,95,3976,59,3.69,1.2,67,4.19,1.52,67,4.19,1.52,0.94,0.93,0.37,0.34,0.04,210.63
678,62,83,3317,52,3.47,1.96,59,3.93,2.37,59,3.93,2.37,0.94,0.94,0.58,0.58,0.05,224.71
679,46,64,2616,38,3.45,2.02,45,4.09,2.77,45,4.09,2.77,0.97,0.97,0.64,0.64,0.08,218.68
680,41,55,2252,38,3.45,1.37,39,3.55,1.51,39,3.55,1.51,0.98,0.98,0.57,0.56,0.03,219.86
681,68,94,3912,58,3.41,1.46,65,3.82,1.63,64,3.76,1.68,0.92,0.91,0.39,0.37,0.01,206.58
682,72,103,4188,63,4.2,1.82,69,4.6,2.1,69,4.6,2.1,0.99,1.0,0.48,0.48,0.06,231.87
683,58,80,3289,50,3.57,1.45,58,4.14,1.75,58,4.14,1.75,0.98,0.98,0.52,0.51,1.62,220.52
684,64,91,4156,56,3.11,0.9,63,3.5,0.92,63,3.5,0.92,0.99,0.97,0.34,0.32,0.02,204.49
685,44,58,2344,40,2.67,1.29,43,2.87,1.46,43,2.87,1.46,1.0,1.0,0.51,0.51,0.01,241.22
686,55,74,4296,46,3.83,1.59,54,4.5,2.28,54,4.5,2.28,0.98,0.91,0.5,0.46,0.02,225.44
687,51,74,3057,43,2.87,1.25,47,3.13,1.46,47,3.13,1.46,0.99,0.98,0.51,0.5,1.0,224.07
688,82,109,4603,70,3.89,1.81,77,4.28,2.24,78,4.33,2.33,0.96,0.94,0.47,0.44,0.02,219.85
689,61,84,3914,52,3.06,1.03,59,3.47,1.07,59,3.47,1.07,0.98,0.96,0.33,0.31,0.01,219.2
690,47,63,2577,41,2.93,1.21,45,3.21,1.37,45,3.21,1.37,0.94,0.93,0.43,0.43,0.01,204.08
691,48,65,2762,44,2.75,1.34,47,2.94,1.29,47,2.94,1.29,0.99,0.98,0.58,0.56,2.21,214.22
692,102,143,6191,74,4.35,2.37,85,5.0,2.47,85,5.0,2.47,0.96,0.93,0.41,0.39,0.02,223.41
693,75,105,4339,60,3.53,1.59,70,4.12,1.9,70,4.12,1.9,0.99,0.99,0.46,0.45,0.03,230.44
694,65,82,3445,57,3.56,1.63,62,3.88,1.78,60,3.75,1.61,0.96,0.95,0.4,0.38,0.01,217.2
695,69,90,3743,54,3.38,1.45,66,4.12,2.13,61,3.81,1.6,0.96,0.96,0.4,0.4,0.52,219.46
696,76,97,4414,60,4.0,1.73,68,4.53,2.36,68,4.53,2.36,0.96,0.92,0.45,0.41,0.01,230.44
697,82,105,4522,67,4.47,1.92,80,5.33,2.44,77,5.13,2.13,0.96,0.94,0.46,0.44,0.01,211.24
698,138,184,8204,77,5.13,2.39,92,6.13,3.31,92,6.13,3.31,0.95,0.91,0.39,0.37,0.01,225.13
699,78,108,4715,65,4.06,1.65,75,4.69,2.21,73,4.56,1.93,0.92,0.89,0.36,0.34,0.02,196.52
700,58,79,3291,52,3.47,1.96,58,3.87,2.72,58,3.87,2.72,0.96,0.95,0.45,0.44,0.06,198.23
701,57,82,3360,53,3.31,1.78,56,3.5,1.97,56,3.5,1.97,0.99,0.99,0.45,0.44,0.09,194.23
702,33,47,1969,29,2.9,1.6,33,3.3,1.77,33,3.3,1.77,1.0,1.0,0.52,0.51,0.02,213.83
703,45,62,2556,39,3.0,1.41,44,3.38,1.85,44,3.38,1.85,1.0,1.0,0.52,0.5,0.01,199.5
704,57,81,3316,47,3.36,1.82,52,3.71,1.94,52,3.71,1.94,1.0,1.0,0.42,0.41,0.01,214.55
705,61,89,4302,46,2.88,1.15,53,3.31,1.45,58,3.62,1.75,0.86,0.84,0.43,0.43,0.27,210.28
706,56,72,2910,43,3.07,1.44,52,3.71,1.77,52,3.71,1.77,0.99,0.99,0.53,0.53,0.05,235.1
707,53,64,2820,47,4.27,1.49,50,4.55,1.69,52,4.73,1.74,0.95,0.94,0.54,0.53,0.0,223.0
708,82,139,5809,68,3.78,1.35,75,4.17,1.34,76,4.22,1.35,0.99,0.99,0.37,0.36,1.22,227.9
709,111,139,5390,98,6.12,2.03,74,4.62,1.5,106,6.62,2.33,0.67,0.7,0.34,0.34,0.44,184.0
710,63,84,3418,51,3.64,1.5,60,4.29,1.77,58,4.14,1.75,0.99,0.99,0.39,0.38,0.02,203.01
711,57,79,3236,46,3.54,1.81,50,3.85,1.91,51,3.92,1.98,1.0,1.0,0.59,0.59,0.02,231.68
712,51,79,3652,45,3.46,1.05,48,3.69,1.38,49,3.77,1.3,0.93,0.93,0.42,0.41,0.11,211.42
713,74,115,6700,65,4.06,1.73,69,4.31,1.7,70,4.38,1.75,0.93,0.89,0.44,0.42,0.1,232.23
714,59,72,3232,52,3.71,1.73,57,4.07,1.98,57,4.07,1.98,0.93,0.88,0.43,0.41,0.0,218.08
715,56,74,3188,51,3.64,1.55,52,3.71,1.64,52,3.71,1.64,0.99,0.98,0.35,0.34,0.02,220.97
716,82,107,5710,66,3.67,1.19,79,4.39,1.54,77,4.28,1.56,0.97,0.91,0.47,0.44,0.06,215.64
717,84,113,4708,68,4.0,1.7,79,4.65,1.9,79,4.65,1.9,0.98,0.97,0.37,0.36,0.01,225.26
718,92,122,5365,76,4.22,1.7,87,4.83,1.89,88,4.89,1.81,0.94,0.91,0.46,0.44,0.05,216.33
719,77,114,5573,60,3.75,1.13,72,4.5,1.51,73,4.56,1.86,0.89,0.82,0.39,0.38,0.07,220.55
720,80,100,4703,67,4.19,1.52,77,4.81,1.6,77,4.81,1.6,0.88,0.82,0.39,0.34,0.08,197.46
721,83,108,4980,61,3.59,2.0,71,4.18,2.21,76,4.47,2.81,0.91,0.88,0.44,0.42,0.02,212.12
722,96,137,7652,74,4.35,1.54,78,4.59,1.66,89,5.24,2.31,0.82,0.76,0.41,0.38,0.1,200.96
723,87,141,8021,65,4.06,2.11,73,4.56,2.45,77,4.81,2.34,0.84,0.77,0.43,0.41,0.12,194.62
724,76,101,4231,68,4.53,1.19,76,5.07,1.39,76,5.07,1.39,0.96,0.97,0.36,0.34,0.05,205.62
725,70,95,4980,59,3.47,1.42,67,3.94,1.82,68,4.0,1.94,0.84,0.75,0.36,0.31,0.06,188.18
726,75,99,5286,63,3.94,1.12,69,4.31,1.45,71,4.44,1.31,0.87,0.8,0.37,0.34,0.07,198.68
727,88,120,5091,75,4.41,1.62,85,5.0,2.12,84,4.94,2.14,0.96,0.94,0.38,0.36,0.01,218.81
728,75,106,4533,61,3.81,1.72,72,4.5,2.07,72,4.5,2.07,0.94,0.92,0.45,0.45,0.08,227.36
729,48,70,3152,38,2.92,0.86,45,3.46,1.39,45,3.46,1.27,0.92,0.91,0.46,0.45,0.07,216.48
730,66,97,4741,58,3.87,1.92,61,4.07,1.98,63,4.2,1.93,0.88,0.83,0.63,0.62,0.17,206.6
731,62,92,4659,57,3.35,1.54,61,3.59,1.7,62,3.65,1.87,0.94,0.87,0.5,0.46,0.03,212.19
732,52,68,2784,42,2.8,0.94,47,3.13,1.3,47,3.13,1.3,1.0,1.0,0.51,0.5,0.83,225.74
733,59,78,3614,45,3.0,1.6,55,3.67,2.16,56,3.73,2.09,0.99,0.96,0.53,0.5,0.0,202.67
734,77,106,5168,68,4.0,1.12,75,4.41,1.23,74,4.35,1.22,0.99,0.95,0.44,0.4,0.02,220.91
735,77,101,4151,64,3.56,1.62,73,4.06,2.07,73,4.06,2.07,0.96,0.96,0.46,0.45,0.01,212.39
736,79,118,6280,66,4.4,2.56,73,4.87,2.92,75,5.0,3.18,0.98,0.92,0.54,0.51,0.04,223.36
737,86,136,5620,65,4.06,1.44,82,5.12,1.89,83,5.19,1.94,0.98,0.97,0.4,0.4,0.07,219.45
738,88,119,5140,73,4.06,1.73,82,4.56,2.09,83,4.61,2.2,0.95,0.92,0.41,0.39,0.01,223.65
739,85,125,5221,73,4.29,1.49,80,4.71,1.61,81,4.76,1.68,0.99,0.97,0.4,0.39,0.03,222.52
740,86,118,6578,70,3.89,1.41,79,4.39,1.79,81,4.5,1.82,0.87,0.79,0.41,0.38,0.08,205.43
741,100,148,6241,77,4.53,1.84,94,5.53,2.15,93,5.47,2.27,0.95,0.92,0.34,0.32,0.03,214.5
742,108,146,7313,88,5.18,2.48,98,5.76,2.77,102,6.0,2.83,0.92,0.83,0.43,0.38,0.06,198.68
743,106,169,8710,80,4.44,1.5,90,5.0,1.91,99,5.5,2.09,0.86,0.84,0.46,0.46,0.18,217.75
744,93,125,5502,80,4.44,1.54,89,4.94,2.1,89,4.94,2.1,0.93,0.89,0.36,0.33,0.01,203.1
745,88,122,5381,74,4.62,1.54,85,5.31,1.92,85,5.31,1.92,0.92,0.87,0.39,0.37,0.05,207.92
746,97,131,5445,80,4.44,2.12,89,4.94,2.36,90,5.0,2.43,0.98,0.98,0.48,0.46,0.02,223.24
747,82,117,4867,69,4.31,1.54,82,5.12,2.06,82,5.12,2.06,0.98,0.97,0.39,0.38,0.01,215.51
748,81,110,5130,70,4.12,1.36,77,4.53,1.55,78,4.59,1.62,0.95,0.91,0.51,0.47,0.61,212.85
749,54,73,3088,50,3.33,1.29,53,3.53,1.51,53,3.53,1.51,0.99,0.99,0.47,0.45,0.01,187.7
750,45,57,3096,38,3.45,1.21,45,4.09,1.7,45,4.09,1.7,0.98,0.93,0.44,0.42,0.01,225.85
751,60,83,3497,52,3.47,1.19,55,3.67,1.45,55,3.67,1.45,0.95,0.94,0.5,0.48,0.06,224.69
752,55,83,3352,48,3.0,1.1,53,3.31,1.3,53,3.31,1.3,1.0,1.0,0.48,0.48,2.2,233.03
753,54,71,3378,46,3.54,1.45,52,4.0,2.04,49,3.77,1.54,0.95,0.9,0.53,0.48,0.01,205.12
754,61,82,3694,52,3.25,1.18,60,3.75,1.29,60,3.75,1.29,0.96,0.91,0.48,0.44,0.02,209.16
755,63,92,3860,55,3.44,1.59,62,3.88,1.59,62,3.88,1.59,0.97,0.95,0.44,0.42,0.01,202.05
756,56,75,3102,50,2.94,1.34,56,3.29,1.79,52,3.06,1.39,0.94,0.94,0.46,0.45,0.02,220.6
757,66,102,4168,56,3.5,1.41,63,3.94,1.57,62,3.88,1.54,0.99,0.99,0.4,0.39,0.04,232.4
758,88,120,5093,72,4.24,2.22,82,4.82,2.4,81,4.76,2.36,0.95,0.94,0.43,0.41,0.02,216.5
759,56,75,3080,50,3.12,1.67,56,3.5,1.75,56,3.5,1.75,1.0,1.0,0.44,0.44,0.01,220.45
760,90,117,4911,74,4.35,1.37,85,5.0,1.37,85,5.0,1.37,0.96,0.94,0.43,0.41,0.02,221.58
761,72,108,4522,66,4.12,1.82,70,4.38,2.03,70,4.38,2.03,0.99,0.99,0.43,0.41,0.03,206.86
762,67,98,4443,63,3.94,1.39,66,4.12,1.54,65,4.06,1.48,0.95,0.92,0.41,0.37,0.01,208.33
763,71,100,4623,55,3.44,1.31,65,4.06,1.34,65,4.06,1.34,0.95,0.9,0.39,0.35,0.01,215.27
764,76,100,4115,68,4.25,1.39,75,4.69,1.74,74,4.62,1.71,0.98,0.97,0.48,0.47,0.01,229.06
765,79,108,4533,66,4.12,1.78,77,4.81,1.91,77,4.81,1.91,0.95,0.93,0.46,0.44,0.01,216.17
766,76,104,4326,64,4.27,1.49,68,4.53,1.46,68,4.53,1.46,0.98,0.96,0.33,0.32,0.01,229.28
767,95,118,5005,73,4.87,1.88,82,5.47,2.42,82,5.47,2.42,0.95,0.93,0.41,0.39,0.03,224.53
768,118,154,7477,90,5.29,1.61,103,6.06,2.08,101,5.94,1.95,0.95,0.96,0.31,0.3,0.03,215.53
769,91,118,4897,79,4.65,1.5,83,4.88,1.5,83,4.88,1.5,0.98,0.98,0.34,0.33,0.01,208.3
770,82,106,4392,63,4.85,2.34,69,5.31,2.36,69,5.31,2.36,0.98,0.97,0.31,0.3,0.02,212.05
771,105,139,6277,83,4.61,1.91,92,5.11,2.35,92,5.11,2.35,0.93,0.89,0.31,0.29,0.16,198.98
772,78,107,4812,67,4.19,1.42,72,4.5,1.63,72,4.5,1.79,0.94,0.9,0.37,0.35,0.09,212.05
773,93,130,5527,75,4.69,1.58,79,4.94,1.69,79,4.94,1.69,0.96,0.94,0.29,0.28,0.04,223.48
774,71,98,4066,60,3.53,1.42,61,3.59,1.33,62,3.65,1.41,0.96,0.95,0.38,0.38,0.18,213.97
775,69,89,3711,51,3.19,1.11,61,3.81,1.22,61,3.81,1.22,0.95,0.95,0.35,0.34,0.02,226.21
776,70,88,5030,61,4.07,1.75,66,4.4,1.8,66,4.4,1.8,0.96,0.91,0.43,0.41,0.02,216.19
777,91,123,6449,66,4.12,1.31,78,4.88,1.75,71,4.44,1.36,0.96,0.9,0.4,0.35,0.42,222.73
778,71,97,4005,59,3.69,1.25,62,3.88,1.41,62,3.88,1.41,0.97,0.97,0.34,0.33,0.43,207.49
779,65,85,3495,58,4.14,1.29,63,4.5,1.4,63,4.5,1.4,0.99,0.99,0.41,0.4,0.02,220.2
780,60,75,3129,48,3.2,1.37,59,3.93,1.79,58,3.87,1.85,0.98,0.97,0.5,0.48,0.02,235.12
781,65,96,4416,60,4.0,1.6,63,4.2,1.78,63,4.2,1.78,0.99,0.97,0.41,0.39,0.1,199.9
782,68,93,4431,53,3.53,1.3,66,4.4,1.4,66,4.4,1.4,0.99,0.95,0.39,0.37,0.01,233.64
783,56,74,3129,49,3.27,1.49,53,3.53,1.41,53,3.53,1.41,0.99,0.98,0.5,0.48,0.01,224.02
784,56,74,3897,47,3.36,1.15,55,3.93,1.33,55,3.93,1.33,0.97,0.94,0.47,0.43,0.01,214.09
785,79,106,4428,68,4.25,1.81,74,4.62,2.09,74,4.62,2.09,0.98,0.98,0.53,0.51,0.04,195.97
786,77,105,4308,57,3.8,1.42,69,4.6,1.59,69,4.6,1.45,0.99,0.99,0.36,0.35,0.01,225.45
787,82,107,4544,63,4.2,1.32,74,4.93,1.79,74,4.93,1.79,0.98,0.97,0.46,0.44,0.02,208.08
788,87,116,4770,69,4.06,1.48,79,4.65,1.84,79,4.65,1.84,0.98,0.98,0.52,0.52,0.01,213.35
789,83,111,5945,66,3.88,1.87,79,4.65,2.26,79,4.65,2.26,0.97,0.93,0.43,0.41,0.01,216.08
790,73,93,3913,59,3.93,1.71,70,4.67,2.35,70,4.67,2.35,0.97,0.97,0.53,0.51,0.02,205.11
791,73,95,4124,64,4.27,1.62,69,4.6,1.76,69,4.6,1.76,0.91,0.88,0.46,0.43,0.01,205.7
792,90,129,5286,73,4.56,1.63,85,5.31,2.15,85,5.31,2.15,0.95,0.96,0.38,0.38,0.03,210.67
793,65,97,4195,56,4.31,1.11,61,4.69,1.44,61,4.69,1.44,0.96,0.93,0.31,0.3,0.08,211.14
794,81,109,4558,68,4.0,1.0,77,4.53,1.28,76,4.47,1.28,0.98,0.97,0.41,0.39,0.02,209.34
795,105,141,5936,88,5.18,2.16,100,5.88,2.03,100,5.88,2.03,0.95,0.94,0.34,0.32,0.01,206.78
796,79,108,4461,68,4.25,1.53,73,4.56,2.16,73,4.56,2.16,0.97,0.97,0.45,0.43,0.06,204.01
797,69,94,3964,58,3.41,1.62,66,3.88,1.87,66,3.88,1.87,0.99,0.98,0.42,0.4,0.03,185.35
798,90,132,5973,74,4.11,1.18,84,4.67,1.68,83,4.61,1.69,0.94,0.9,0.38,0.36,0.1,212.54
799,71,91,3871,61,4.69,1.25,71,5.46,1.85,71,5.46,1.85,0.92,0.9,0.33,0.32,0.02,216.4
800,106,138,6395,77,4.53,1.87,104,6.12,2.29,98,5.76,1.92,0.97,0.93,0.38,0.35,0.04,217.49
801,80,98,4106,69,4.31,2.33,75,4.69,2.36,75,4.69,2.36,0.98,0.98,0.48,0.46,0.01,205.03
802,83,113,4821,68,4.25,1.61,82,5.12,2.03,82,5.12,2.03,0.96,0.94,0.42,0.39,0.02,218.9
803,81,109,4424,68,4.25,1.29,75,4.69,1.58,75,4.69,1.58,0.99,0.99,0.45,0.44,0.01,213.52
804,80,107,5012,69,4.06,1.85,76,4.47,1.87,76,4.47,1.87,0.96,0.92,0.46,0.44,0.27,222.58
805,73,101,4254,61,3.81,0.98,70,4.38,1.31,70,4.38,1.31,0.98,0.97,0.42,0.4,0.03,219.34
806,61,84,3469,52,3.71,1.77,59,4.21,2.01,58,4.14,1.96,0.99,1.0,0.51,0.49,0.01,208.38
807,84,111,4563,72,4.24,1.64,78,4.59,1.77,78,4.59,1.77,0.98,0.99,0.46,0.45,0.04,218.47
808,70,92,4145,61,3.59,1.8,67,3.94,2.05,67,3.94,2.05,0.98,0.95,0.47,0.45,0.04,220.9
809,74,100,4393,60,4.0,1.81,73,4.87,2.29,66,4.4,1.84,0.98,0.96,0.42,0.4,0.03,206.93
810,73,98,5115,57,3.8,1.21,70,4.67,1.18,70,4.67,1.18,0.97,0.89,0.34,0.32,0.02,218.76
811,87,123,5490,67,3.94,1.95,79,4.65,2.26,78,4.59,2.24,0.97,0.92,0.41,0.38,0.01,225.8
812,65,88,3639,57,3.56,1.75,63,3.94,2.21,63,3.94,2.21,0.99,0.98,0.45,0.44,0.03,201.62
813,124,162,6675,74,4.35,1.06,82,4.82,1.51,82,4.82,1.51,0.98,0.98,0.45,0.44,0.01,218.73
814,100,135,6387,84,4.67,1.53,95,5.28,1.36,95,5.28,1.36,0.94,0.91,0.39,0.37,2.77,214.02
815,99,138,6045,81,4.76,1.75,94,5.53,2.4,94,5.53,2.4,0.93,0.89,0.46,0.43,0.36,207.74
816,72,91,3897,60,4.0,1.2,69,4.6,1.55,69,4.6,1.55,0.94,0.93,0.39,0.37,0.0,191.02
817,83,112,4618,67,4.47,2.17,79,5.27,2.49,78,5.2,2.37,0.9,0.9,0.41,0.4,0.08,206.58
818,75,102,4172,63,3.94,1.48,72,4.5,1.55,72,4.5,1.55,0.97,0.97,0.4,0.39,0.02,218.23
819,81,113,4605,70,4.12,1.83,76,4.47,2.07,77,4.53,2.12,0.97,0.97,0.43,0.42,0.04,185.64
820,76,103,4515,69,4.6,2.03,76,5.07,2.6,75,5.0,2.39,0.97,0.94,0.45,0.43,0.04,193.34
821,74,97,4224,59,3.69,1.92,70,4.38,2.19,70,4.38,2.31,0.96,0.94,0.36,0.34,0.04,218.86
822,78,94,4568,63,3.94,1.24,76,4.75,1.77,75,4.69,1.82,0.97,0.93,0.38,0.36,0.01,206.86
823,71,95,4014,65,4.64,1.28,70,5.0,1.57,70,5.0,1.57,0.96,0.95,0.35,0.35,0.01,203.91
824,57,74,3462,49,3.27,1.39,54,3.6,1.72,55,3.67,1.76,0.94,0.89,0.47,0.42,0.26,214.86
825,79,104,4333,66,3.88,1.69,77,4.53,1.87,77,4.53,1.87,0.93,0.92,0.5,0.48,0.02,215.24
826,101,135,5608,86,5.38,1.54,96,6.0,1.93,95,5.94,1.84,0.98,0.97,0.39,0.37,0.02,220.46
827,85,117,5089,70,3.89,1.41,85,4.72,1.56,85,4.72,1.56,0.95,0.93,0.4,0.39,0.29,217.92
828,63,84,3472,55,3.93,1.86,62,4.43,2.31,62,4.43,2.31,0.96,0.96,0.41,0.41,0.05,209.02
829,131,164,6478,115,7.19,3.27,86,5.38,1.78,128,8.0,3.39,0.66,0.69,0.31,0.31,0.04,163.68
830,69,94,4152,58,3.62,1.15,64,4.0,1.51,65,4.06,1.53,0.98,0.95,0.44,0.42,0.01,214.75
831,80,103,4408,66,3.88,1.32,76,4.47,1.84,77,4.53,1.91,0.94,0.92,0.46,0.43,0.03,224.88
832,61,83,3429,55,3.44,1.36,59,3.69,1.58,59,3.69,1.58,1.0,1.0,0.46,0.45,0.01,223.31
833,122,179,8559,59,3.28,1.6,71,3.94,2.1,71,3.94,2.1,0.99,0.95,0.52,0.5,0.04,222.74
834,71,98,5517,61,3.81,1.33,67,4.19,1.68,67,4.19,1.68,0.93,0.85,0.42,0.38,0.02,223.78
835,67,89,3666,55,3.93,1.82,64,4.57,1.83,63,4.5,1.87,0.98,0.96,0.5,0.49,0.01,219.36
836,78,109,4528,67,4.19,1.68,77,4.81,2.54,77,4.81,2.54,0.97,0.97,0.38,0.36,0.02,207.33
837,69,96,4202,60,3.53,1.23,69,4.06,1.43,68,4.0,1.37,0.97,0.95,0.44,0.42,0.04,213.36
838,80,104,4335,66,3.88,1.54,77,4.53,1.55,77,4.53,1.55,0.97,0.97,0.45,0.44,0.01,214.36
839,73,97,4068,62,3.88,1.2,71,4.44,1.75,71,4.44,1.75,0.94,0.92,0.35,0.34,0.01,217.12
840,83,119,4970,72,4.8,0.86,83,5.53,1.36,83,5.53,1.36,0.98,0.98,0.41,0.4,0.02,203.57
841,64,91,4000,53,3.53,1.6,59,3.93,1.71,59,3.93,1.71,0.94,0.92,0.41,0.4,0.04,200.35
842,76,107,4426,62,3.88,1.26,72,4.5,1.67,72,4.5,1.67,0.96,0.95,0.42,0.41,0.01,212.71
843,84,110,4633,73,4.29,2.11,80,4.71,2.2,80,4.71,2.2,0.95,0.93,0.44,0.42,0.01,223.78
844,60,85,3538,51,3.92,1.44,57,4.38,1.61,57,4.38,1.61,0.96,0.96,0.26,0.25,0.02,198.42
845,65,89,3985,56,4.0,1.57,61,4.36,1.74,62,4.43,1.79,0.94,0.91,0.43,0.42,0.04,219.81
846,68,95,3959,57,3.8,1.15,61,4.07,1.33,62,4.13,1.36,0.98,0.98,0.41,0.4,0.01,207.95
847,62,84,4969,56,4.0,1.41,59,4.21,1.48,59,4.21,1.48,0.95,0.88,0.5,0.45,0.03,226.3
848,53,78,3308,48,3.69,1.44,51,3.92,1.55,51,3.92,1.55,0.95,0.94,0.46,0.44,0.01,207.88
849,61,83,3449,55,3.67,1.35,60,4.0,1.46,61,4.07,1.58,0.92,0.92,0.44,0.42,0.07,213.17
850,56,74,3076,50,3.57,1.34,53,3.79,1.48,53,3.79,1.48,1.0,1.0,0.36,0.35,0.01,213.32
851,41,61,2564,36,2.57,0.94,41,2.93,1.21,41,2.93,1.21,0.99,0.99,0.43,0.42,0.57,206.1
852,44,63,2846,42,3.82,1.33,43,3.91,1.3,42,3.82,1.33,0.97,0.93,0.42,0.4,0.01,202.52
853,54,85,3551,47,3.13,1.25,52,3.47,1.55,52,3.47,1.55,0.98,0.98,0.38,0.37,0.05,219.24
854,61,80,3316,45,3.0,1.25,54,3.6,1.35,54,3.6,1.35,1.0,1.0,0.38,0.37,0.01,234.94
855,50,61,2586,34,3.09,1.3,46,4.18,2.14,46,4.18,2.14,0.97,0.96,0.33,0.32,0.02,235.36
856,65,92,3796,54,3.38,1.54,61,3.81,1.83,61,3.81,1.83,0.99,0.98,0.43,0.42,0.05,232.08
857,51,67,2809,44,2.93,1.58,50,3.33,1.84,50,3.33,1.84,0.99,0.98,0.61,0.6,0.02,231.62
858,69,91,3726,60,3.75,2.08,67,4.19,2.04,67,4.19,2.04,0.91,0.91,0.41,0.4,0.02,222.16
859,62,88,5242,59,3.47,1.37,60,3.53,1.46,60,3.53,1.46,0.94,0.93,0.39,0.37,0.02,221.02
860,58,79,3224,50,2.94,1.34,52,3.06,1.34,52,3.06,1.34,0.99,0.99,0.54,0.53,0.01,228.34
861,80,108,4449,68,3.78,1.44,79,4.39,2.03,79,4.39,2.03,0.98,0.97,0.47,0.46,0.01,219.1
862,63,82,3411,54,3.6,1.45,62,4.13,1.88,62,4.13,1.88,0.97,0.96,0.43,0.41,0.09,231.44
863,83,108,4661,71,4.18,1.7,80,4.71,2.02,80,4.71,2.02,0.96,0.94,0.36,0.34,0.01,204.03
864,57,68,2848,50,3.85,1.63,57,4.38,1.61,56,4.31,1.55,0.93,0.92,0.42,0.41,0.01,214.11
865,67,88,3585,55,3.67,1.59,61,4.07,2.09,61,4.07,2.09,0.98,0.98,0.42,0.42,0.01,210.97
866,68,93,3810,56,3.5,1.79,63,3.94,2.26,63,3.94,2.26,0.96,0.96,0.44,0.44,0.08,213.9
867,71,91,4521,59,3.47,1.59,66,3.88,1.87,66,3.88,1.87,0.94,0.89,0.49,0.45,0.03,222.25
868,62,86,3659,54,3.86,1.46,60,4.29,1.73,60,4.29,1.73,0.96,0.94,0.41,0.39,0.04,205.27
869,54,75,3573,50,3.57,1.09,52,3.71,1.2,52,3.71,1.2,0.87,0.79,0.39,0.35,0.12,166.14
870,30,40,1756,26,2.6,0.97,29,2.9,1.1,29,2.9,1.1,0.95,0.93,0.47,0.45,0.28,187.06
871,42,53,2226,38,2.92,1.38,39,3.0,1.35,39,3.0,1.35,0.96,0.94,0.43,0.4,0.04,222.67
872,31,40,1639,27,2.45,0.93,31,2.82,0.98,31,2.82,0.98,0.95,0.95,0.44,0.43,0.02,209.05
873,56,80,3555,49,3.27,1.1,54,3.6,1.55,53,3.53,1.41,0.97,0.95,0.4,0.39,0.02,227.15
874,69,94,3924,60,3.75,1.44,65,4.06,1.77,65,4.06,1.77,0.96,0.95,0.43,0.42,0.01,209.77
875,49,72,2989,41,2.56,0.96,45,2.81,0.98,43,2.69,0.95,0.97,0.97,0.44,0.42,0.01,203.34
876,58,82,3376,42,2.62,1.59,52,3.25,2.08,52,3.25,2.08,1.0,1.0,0.5,0.49,0.02,240.53
877,49,71,2913,47,3.36,0.93,48,3.43,0.94,49,3.5,0.94,0.93,0.93,0.44,0.44,0.03,216.7
878,57,75,3097,51,3.0,1.06,55,3.24,1.15,56,3.29,1.21,0.97,0.97,0.49,0.48,0.03,226.55
879,59,84,3456,52,3.06,2.61,56,3.29,2.69,56,3.29,2.69,1.0,1.0,0.64,0.63,0.01,223.9
880,41,56,2346,38,3.17,1.19,40,3.33,1.3,40,3.33,1.3,0.95,0.94,0.44,0.42,0.03,194.3
881,50,73,2972,42,3.0,1.3,47,3.36,1.39,47,3.36,1.39,1.0,1.0,0.44,0.43,0.05,231.02
882,47,71,2916,44,2.75,1.39,47,2.94,1.57,47,2.94,1.57,1.0,1.0,0.44,0.43,0.33,224.01
883,60,91,3825,54,3.6,1.3,57,3.8,1.32,57,3.8,1.32,0.98,0.96,0.57,0.54,1.74,210.98
884,45,66,2774,40,3.08,1.32,45,3.46,1.27,45,3.46,1.27,0.98,0.97,0.42,0.41,0.94,219.5
885,78,104,4367,64,4.0,1.79,75,4.69,1.99,75,4.69,1.99,0.99,0.97,0.47,0.46,0.01,229.72
886,54,79,3475,48,2.82,1.01,51,3.0,1.17,51,3.0,1.17,0.95,0.92,0.46,0.44,0.03,216.39
887,70,93,4040,62,3.88,1.5,69,4.31,1.89,69,4.31,1.89,0.94,0.9,0.42,0.39,0.26,226.34
888,73,95,4212,58,3.41,1.5,64,3.76,1.82,63,3.71,1.76,0.85,0.81,0.52,0.48,0.02,224.39
889,57,83,3371,54,3.38,1.71,56,3.5,1.75,56,3.5,1.75,0.94,0.94,0.48,0.47,0.04,201.32
890,67,87,3709,62,3.65,1.66,66,3.88,1.65,66,3.88,1.65,0.94,0.93,0.43,0.4,0.03,220.89
891,63,84,3562,52,3.47,1.85,60,4.0,2.3,57,3.8,1.93,0.97,0.97,0.5,0.47,0.03,192.22
892,58,68,3161,55,3.67,1.76,56,3.73,1.79,56,3.73,1.79,0.98,0.95,0.54,0.53,0.01,224.13
893,38,53,2168,35,3.18,1.33,37,3.36,1.36,37,3.36,1.36,1.0,1.0,0.5,0.49,0.01,205.85
894,47,67,2980,43,2.87,1.51,45,3.0,1.6,46,3.07,1.53,0.93,0.89,0.4,0.37,0.04,221.76
895,38,50,2450,36,2.4,0.99,38,2.53,1.13,38,2.53,1.13,0.94,0.91,0.59,0.57,0.02,230.15
896,46,60,2682,41,2.73,1.03,45,3.0,1.0,44,2.93,1.03,0.96,0.92,0.53,0.5,0.04,216.53
897,37,54,2176,32,2.46,1.2,35,2.69,1.49,35,2.69,1.49,1.0,1.0,0.57,0.56,0.07,223.18
898,44,69,2907,38,3.17,1.59,43,3.58,1.56,43,3.58,1.56,0.98,0.97,0.45,0.45,0.04,222.71
899,52,74,3128,49,3.06,1.44,52,3.25,1.48,52,3.25,1.48,0.97,0.97,0.53,0.51,0.05,201.97
900,54,69,2927,48,3.2,1.15,53,3.53,1.13,53,3.53,1.13,0.94,0.92,0.39,0.37,0.01,230.27
901,49,73,3018,44,3.14,1.35,47,3.36,1.6,47,3.36,1.6,0.97,0.96,0.42,0.41,2.6,217.26
902,56,79,3225,46,3.07,2.02,52,3.47,2.36,52,3.47,2.36,0.99,0.98,0.48,0.47,0.01,214.74
